provider,flow,area,source,product,frequency,unit,detail,series_id,description,name
US_EIA,SUPPLY,USA,gov_eia_PET,CRUDEOIL,Monthly,KBBL,PET.MCRFP3FM1.M,PET.MCRFP3FM1.M,Federal Offshore--Gulf of Mexico Field Production of Crude Oil,"Federal Offshore--Gulf of Mexico Field Production of Crude Oil, Monthly"
US_EIA,SUPPLY,USA,gov_eia_PET,CRUDEOIL,Monthly,KBBL,PET.MCRFP4E1.M,PET.MCRFP4E1.M,Lower 48 States Field Production of Crude Oil,"Lower 48 States Field Production of Crude Oil, Monthly"
US_EIA,SUPPLY,USA,gov_eia_PET,CRUDEOIL,Monthly,KBBL,PET.MCRFPP11.M,PET.MCRFPP11.M,East Coast (PADD 1) Field Production of Crude Oil,"East Coast (PADD 1) Field Production of Crude Oil, Monthly"
US_EIA,SUPPLY,USA,gov_eia_PET,CRUDEOIL,Monthly,KBBL,PET.MCRFPP21.M,PET.MCRFPP21.M,Midwest (PADD 2) Field Production of Crude Oil,"Midwest (PADD 2) Field Production of Crude Oil, Monthly"
US_EIA,SUPPLY,USA,gov_eia_PET,CRUDEOIL,Monthly,KBBL,PET.MCRFPP31.M,PET.MCRFPP31.M,Gulf Coast (PADD 3) Field Production of Crude Oil,"Gulf Coast (PADD 3) Field Production of Crude Oil, Monthly"
US_EIA,SUPPLY,USA,gov_eia_PET,CRUDEOIL,Monthly,KBBL,PET.MCRFPP41.M,PET.MCRFPP41.M,Rocky Mountain (PADD 4) Field Production of Crude Oil,"Rocky Mountain (PADD 4) Field Production of Crude Oil, Monthly"
US_EIA,SUPPLY,USA,gov_eia_PET,CRUDEOIL,Monthly,KBBL,PET.MCRFPP51.M,PET.MCRFPP51.M,West Coast (PADD 5) Field Production of Crude Oil,"West Coast (PADD 5) Field Production of Crude Oil, Monthly"
US_EIA,SUPPLY,USA,gov_eia_PET,CRUDEOIL,Monthly,KBBL,PET.MCRFPUS1.M,PET.MCRFPUS1.M,U.S. Field Production of Crude Oil,"U.S. Field Production of Crude Oil, Monthly"
US_EIA,SUPPLY,USA,gov_eia_PET,CRUDEOIL,Monthly,KBBL,PET.MANFPAK1.M,PET.MANFPAK1.M,Alaska North Slope Crude Oil Production,"Alaska North Slope Crude Oil Production, Monthly"
US_EIA,SUPPLY,USA,gov_eia_PET,CRUDEOIL,Monthly,KBBL,PET.MCRFPAK1.M,PET.MCRFPAK1.M,Alaska Field Production of Crude Oil,"Alaska Field Production of Crude Oil, Monthly"
US_EIA,SUPPLY,USA,gov_eia_PET,CRUDEOIL,Monthly,KBBL,PET.MCRFPAKS1.M,PET.MCRFPAKS1.M,Alaska South Field Production of Crude Oil,"Alaska South Field Production of Crude Oil, Monthly"
US_EIA,SUPPLY,USA,gov_eia_PET,CRUDEOIL,Monthly,KBBL,PET.MCRFPAL1.M,PET.MCRFPAL1.M,Alabama Field Production of Crude Oil,"Alabama Field Production of Crude Oil, Monthly"
US_EIA,SUPPLY,USA,gov_eia_PET,CRUDEOIL,Monthly,KBBL,PET.MCRFPAR1.M,PET.MCRFPAR1.M,Arkansas Field Production of Crude Oil,"Arkansas Field Production of Crude Oil, Monthly"
US_EIA,SUPPLY,USA,gov_eia_PET,CRUDEOIL,Monthly,KBBL,PET.MCRFPAZ1.M,PET.MCRFPAZ1.M,Arizona Field Production of Crude Oil,"Arizona Field Production of Crude Oil, Monthly"
US_EIA,SUPPLY,USA,gov_eia_PET,CRUDEOIL,Monthly,KBBL,PET.MCRFP5F1.M,PET.MCRFP5F1.M,Federal Offshore PADD 5 Field Production of Crude Oil,"Federal Offshore PADD 5 Field Production of Crude Oil, Monthly"
US_EIA,SUPPLY,USA,gov_eia_PET,CRUDEOIL,Monthly,KBBL,PET.MCRFPCA1.M,PET.MCRFPCA1.M,California Field Production of Crude Oil,"California Field Production of Crude Oil, Monthly"
US_EIA,SUPPLY,USA,gov_eia_PET,CRUDEOIL,Monthly,KBBL,PET.MCRFPCO1.M,PET.MCRFPCO1.M,Colorado Field Production of Crude Oil,"Colorado Field Production of Crude Oil, Monthly"
US_EIA,SUPPLY,USA,gov_eia_PET,CRUDEOIL,Monthly,KBBL,PET.MCRFPFL1.M,PET.MCRFPFL1.M,Florida Field Production of Crude Oil,"Florida Field Production of Crude Oil, Monthly"
US_EIA,SUPPLY,USA,gov_eia_PET,CRUDEOIL,Monthly,KBBL,PET.M_EPC0_FPF_SID_MBBL.M,PET.M_EPC0_FPF_SID_MBBL.M,Idaho Field Production of Crude Oil,"Idaho Field Production of Crude Oil, Monthly"
US_EIA,SUPPLY,USA,gov_eia_PET,CRUDEOIL,Monthly,KBBL,PET.MCRFPIL1.M,PET.MCRFPIL1.M,Illinois Field Production of Crude Oil,"Illinois Field Production of Crude Oil, Monthly"
US_EIA,SUPPLY,USA,gov_eia_PET,CRUDEOIL,Monthly,KBBL,PET.MCRFPIN1.M,PET.MCRFPIN1.M,Indiana Field Production of Crude Oil,"Indiana Field Production of Crude Oil, Monthly"
US_EIA,SUPPLY,USA,gov_eia_PET,CRUDEOIL,Monthly,KBBL,PET.MCRFPKS1.M,PET.MCRFPKS1.M,Kansas Field Production of Crude Oil,"Kansas Field Production of Crude Oil, Monthly"
US_EIA,SUPPLY,USA,gov_eia_PET,CRUDEOIL,Monthly,KBBL,PET.MCRFPKY1.M,PET.MCRFPKY1.M,Kentucky Field Production of Crude Oil,"Kentucky Field Production of Crude Oil, Monthly"
US_EIA,SUPPLY,USA,gov_eia_PET,CRUDEOIL,Monthly,KBBL,PET.MCRFPLA1.M,PET.MCRFPLA1.M,Louisiana Field Production of Crude Oil,"Louisiana Field Production of Crude Oil, Monthly"
US_EIA,SUPPLY,USA,gov_eia_PET,CRUDEOIL,Monthly,KBBL,PET.MCRFP_SMI_1.M,PET.MCRFP_SMI_1.M,Michigan Field Production of Crude Oil,"Michigan Field Production of Crude Oil, Monthly"
US_EIA,SUPPLY,USA,gov_eia_PET,CRUDEOIL,Monthly,KBBL,PET.MCRFPMO1.M,PET.MCRFPMO1.M,Missouri Field Production of Crude Oil,"Missouri Field Production of Crude Oil, Monthly"
US_EIA,SUPPLY,USA,gov_eia_PET,CRUDEOIL,Monthly,KBBL,PET.MCRFPMS1.M,PET.MCRFPMS1.M,Mississippi Field Production of Crude Oil,"Mississippi Field Production of Crude Oil, Monthly"
US_EIA,SUPPLY,USA,gov_eia_PET,CRUDEOIL,Monthly,KBBL,PET.MCRFPMT1.M,PET.MCRFPMT1.M,Montana Field Production of Crude Oil,"Montana Field Production of Crude Oil, Monthly"
US_EIA,SUPPLY,USA,gov_eia_PET,CRUDEOIL,Monthly,KBBL,PET.MCRFPND1.M,PET.MCRFPND1.M,North Dakota Field Production of Crude Oil,"North Dakota Field Production of Crude Oil, Monthly"
US_EIA,SUPPLY,USA,gov_eia_PET,CRUDEOIL,Monthly,KBBL,PET.MCRFPNE1.M,PET.MCRFPNE1.M,Nebraska Field Production of Crude Oil,"Nebraska Field Production of Crude Oil, Monthly"
US_EIA,SUPPLY,USA,gov_eia_PET,CRUDEOIL,Monthly,KBBL,PET.MCRFPNM1.M,PET.MCRFPNM1.M,New Mexico Field Production of Crude Oil,"New Mexico Field Production of Crude Oil, Monthly"
US_EIA,SUPPLY,USA,gov_eia_PET,CRUDEOIL,Monthly,KBBL,PET.MCRFPNV1.M,PET.MCRFPNV1.M,Nevada Field Production of Crude Oil,"Nevada Field Production of Crude Oil, Monthly"
US_EIA,SUPPLY,USA,gov_eia_PET,CRUDEOIL,Monthly,KBBL,PET.MCRFPNY1.M,PET.MCRFPNY1.M,New York Field Production of Crude Oil,"New York Field Production of Crude Oil, Monthly"
US_EIA,SUPPLY,USA,gov_eia_PET,CRUDEOIL,Monthly,KBBL,PET.MCRFPOH1.M,PET.MCRFPOH1.M,Ohio Field Production of Crude Oil,"Ohio Field Production of Crude Oil, Monthly"
US_EIA,SUPPLY,USA,gov_eia_PET,CRUDEOIL,Monthly,KBBL,PET.MCRFPOK1.M,PET.MCRFPOK1.M,Oklahoma Field Production of Crude Oil,"Oklahoma Field Production of Crude Oil, Monthly"
US_EIA,SUPPLY,USA,gov_eia_PET,CRUDEOIL,Monthly,KBBL,PET.MCRFPPA1.M,PET.MCRFPPA1.M,Pennsylvania Field Production of Crude Oil,"Pennsylvania Field Production of Crude Oil, Monthly"
US_EIA,SUPPLY,USA,gov_eia_PET,CRUDEOIL,Monthly,KBBL,PET.MCRFPSD1.M,PET.MCRFPSD1.M,South Dakota Field Production of Crude Oil,"South Dakota Field Production of Crude Oil, Monthly"
US_EIA,SUPPLY,USA,gov_eia_PET,CRUDEOIL,Monthly,KBBL,PET.MCRFPTN1.M,PET.MCRFPTN1.M,Tennessee Field Production of Crude Oil,"Tennessee Field Production of Crude Oil, Monthly"
US_EIA,SUPPLY,USA,gov_eia_PET,CRUDEOIL,Monthly,KBBL,PET.MCRFPTX1.M,PET.MCRFPTX1.M,Texas Field Production of Crude Oil,"Texas Field Production of Crude Oil, Monthly"
US_EIA,SUPPLY,USA,gov_eia_PET,CRUDEOIL,Monthly,KBBL,PET.MCRFPUT1.M,PET.MCRFPUT1.M,Utah Field Production of Crude Oil,"Utah Field Production of Crude Oil, Monthly"
US_EIA,SUPPLY,USA,gov_eia_PET,CRUDEOIL,Monthly,KBBL,PET.MCRFPVA1.M,PET.MCRFPVA1.M,Virginia Field Production of Crude Oil,"Virginia Field Production of Crude Oil, Monthly"
US_EIA,SUPPLY,USA,gov_eia_PET,CRUDEOIL,Monthly,KBBL,PET.MCRFPWV1.M,PET.MCRFPWV1.M,West Virginia Field Production of Crude Oil,"West Virginia Field Production of Crude Oil, Monthly"
US_EIA,SUPPLY,USA,gov_eia_PET,CRUDEOIL,Monthly,KBBL,PET.MCRFPWY1.M,PET.MCRFPWY1.M,Wyoming Field Production of Crude Oil,"Wyoming Field Production of Crude Oil, Monthly"
US_EIA,SUPPLY,USA,gov_eia_PET,CRUDEOIL,Monthly,KBBL,PET.MPPFPUS1.M,PET.MPPFPUS1.M,U.S. Gas Plant Production of Pentanes Plus,"U.S. Gas Plant Production of Pentanes Plus, Monthly"
US_EIA,SUPPLY,USA,gov_eia_PET,CRUDEOIL,Monthly,KBBL,PET.M_EPLLEA_FPF_NUS_MBBL.M,PET.M_EPLLEA_FPF_NUS_MBBL.M,U.S. Field Production of Ethane,"U.S. Field Production of Ethane, Monthly"
US_EIA,SUPPLY,USA,gov_eia_PET,CRUDEOIL,Monthly,KBBL,PET.M_EPLLPA_FPF_NUS_MBBL.M,PET.M_EPLLPA_FPF_NUS_MBBL.M,U.S. Field Production of Propane,"U.S. Field Production of Propane, Monthly"
US_EIA,SUPPLY,USA,gov_eia_PET,CRUDEOIL,Monthly,KBBL,PET.M_EPLLBAN_FPF_NUS_MBBL.M,PET.M_EPLLBAN_FPF_NUS_MBBL.M,U.S. Field Production of Normal Butane,"U.S. Field Production of Normal Butane, Monthly"
US_EIA,SUPPLY,USA,gov_eia_PET,CRUDEOIL,Monthly,KBBL,PET.M_EPLLBAI_FPF_NUS_MBBL.M,PET.M_EPLLBAI_FPF_NUS_MBBL.M,U.S. Field Production of Isobutane,"U.S. Field Production of Isobutane, Monthly"
US_EIA,SUPPLY,USA,gov_eia_PET,BIOETHANOL,Monthly,KBBL,PET.M_EPOOXE_YOP_NUS_1.M,PET.M_EPOOXE_YOP_NUS_1.M,U.S. Oxygenate Plant Production of Fuel Ethanol,"U.S. Oxygenate Plant Production of Fuel Ethanol, Monthly"
US_EIA,SUPPLY,USA,gov_eia_PET,BIODIESEL,Monthly,MMGL,PET.M_EPOOBD_YNPB_NUS_MMGL.M,PET.M_EPOOBD_YNPB_NUS_MMGL.M,U.S. Biodiesel Production,"U.S. Biodiesel Production, Monthly"
US_EIA,SUPPLY,USA,gov_eia_PET,BIOETHANOL,Monthly,KBD,PET.M_EPOOXE_YOP_NUS_2.M,PET.M_EPOOXE_YOP_NUS_2.M,U.S. Oxygenate Plant Production of Fuel Ethanol,"U.S. Oxygenate Plant Production of Fuel Ethanol, Monthly"
US_EIA,REFINOBS,USA,gov_eia_PET,None,Monthly,KBD,PET.MCRCCUS2.M,PET.MCRCCUS2.M,"U.S. Downstream Processing of Fresh Feed Input by Catalytic Cracking Units, Monthly","U.S. Downstream Processing of Fresh Feed Input by Catalytic Cracking Units, Monthly"
US_EIA,REFINOBS,USA,gov_eia_PET,None,Monthly,KBD,PET.MCRCCP12.M,PET.MCRCCP12.M,"PADD 1 Downstream Processing of Fresh Feed Input by Catalytic Cracking Units, Monthly","PADD 1 Downstream Processing of Fresh Feed Input by Catalytic Cracking Units, Monthly"
US_EIA,REFINOBS,USA,gov_eia_PET,None,Monthly,KBD,PET.MCRCCP22.M,PET.MCRCCP22.M,"PADD 2 Downstream Processing of Fresh Feed Input by Catalytic Cracking Units, Monthly","PADD 2 Downstream Processing of Fresh Feed Input by Catalytic Cracking Units, Monthly"
US_EIA,REFINOBS,USA,gov_eia_PET,None,Monthly,KBD,PET.MCRCCP32.M,PET.MCRCCP32.M,"PADD 3 Downstream Processing of Fresh Feed Input by Catalytic Cracking Units, Monthly","PADD 3 Downstream Processing of Fresh Feed Input by Catalytic Cracking Units, Monthly"
US_EIA,REFINOBS,USA,gov_eia_PET,None,Monthly,KBD,PET.MCRCCP42.M,PET.MCRCCP42.M,"PADD 4 Downstream Processing of Fresh Feed Input by Catalytic Cracking Units, Monthly","PADD 4 Downstream Processing of Fresh Feed Input by Catalytic Cracking Units, Monthly"
US_EIA,REFINOBS,USA,gov_eia_PET,None,Monthly,KBD,PET.MCRCCP52.M,PET.MCRCCP52.M,"PADD 5 Downstream Processing of Fresh Feed Input by Catalytic Cracking Units, Monthly","PADD 5 Downstream Processing of Fresh Feed Input by Catalytic Cracking Units, Monthly"
US_EIA,REFINOBS,USA,gov_eia_PET,None,Monthly,KBD,PET.MCRCHP12.M,PET.MCRCHP12.M,"PADD 1 Downstream Processing of Fresh Feed Input by Catalytic Hydrocracking Units, Monthly","PADD 1 Downstream Processing of Fresh Feed Input by Catalytic Hydrocracking Units, Monthly"
US_EIA,REFINOBS,USA,gov_eia_PET,None,Monthly,KBD,PET.MCRCHP22.M,PET.MCRCHP22.M,"PADD 2 Downstream Processing of Fresh Feed Input by Catalytic Hydrocracking Units, Monthly","PADD 2 Downstream Processing of Fresh Feed Input by Catalytic Hydrocracking Units, Monthly"
US_EIA,REFINOBS,USA,gov_eia_PET,None,Monthly,KBD,PET.MCRCHP32.M,PET.MCRCHP32.M,"PADD 3 Downstream Processing of Fresh Feed Input by Catalytic Hydrocracking Units, Monthly","PADD 3 Downstream Processing of Fresh Feed Input by Catalytic Hydrocracking Units, Monthly"
US_EIA,REFINOBS,USA,gov_eia_PET,None,Monthly,KBD,PET.MCRCHP42.M,PET.MCRCHP42.M,"PADD 4 Downstream Processing of Fresh Feed Input by Catalytic Hydrocracking Units, Monthly","PADD 4 Downstream Processing of Fresh Feed Input by Catalytic Hydrocracking Units, Monthly"
US_EIA,REFINOBS,USA,gov_eia_PET,None,Monthly,KBD,PET.MCRCHP52.M,PET.MCRCHP52.M,"PADD 5 Downstream Processing of Fresh Feed Input by Catalytic Hydrocracking Units, Monthly","PADD 5 Downstream Processing of Fresh Feed Input by Catalytic Hydrocracking Units, Monthly"
US_EIA,REFINOBS,USA,gov_eia_PET,None,Monthly,KBD,PET.MCRCHUS2.M,PET.MCRCHUS2.M,"U.S. Downstream Processing of Fresh Feed Input by Catalytic Hydrocracking Units, Monthly","U.S. Downstream Processing of Fresh Feed Input by Catalytic Hydrocracking Units, Monthly"
US_EIA,REFINOBS,USA,gov_eia_PET,None,Monthly,KBD,PET.MCRDFP12.M,PET.MCRDFP12.M,"PADD 1 Downstream Processing of Fresh Feed Input by Delayed and Fluid Coking Units, Monthly","PADD 1 Downstream Processing of Fresh Feed Input by Delayed and Fluid Coking Units, Monthly"
US_EIA,REFINOBS,USA,gov_eia_PET,None,Monthly,KBD,PET.MCRDFP22.M,PET.MCRDFP22.M,"PADD 2 Downstream Processing of Fresh Feed Input by Delayed and Fluid Coking Units, Monthly","PADD 2 Downstream Processing of Fresh Feed Input by Delayed and Fluid Coking Units, Monthly"
US_EIA,REFINOBS,USA,gov_eia_PET,None,Monthly,KBD,PET.MCRDFP32.M,PET.MCRDFP32.M,"PADD 3 Downstream Processing of Fresh Feed Input by Delayed and Fluid Coking Units, Monthly","PADD 3 Downstream Processing of Fresh Feed Input by Delayed and Fluid Coking Units, Monthly"
US_EIA,REFINOBS,USA,gov_eia_PET,None,Monthly,KBD,PET.MCRDFP42.M,PET.MCRDFP42.M,"PADD 4 Downstream Processing of Fresh Feed Input by Delayed and Fluid Coking Units, Monthly","PADD 4 Downstream Processing of Fresh Feed Input by Delayed and Fluid Coking Units, Monthly"
US_EIA,REFINOBS,USA,gov_eia_PET,None,Monthly,KBD,PET.MCRDFP52.M,PET.MCRDFP52.M,"PADD 5 Downstream Processing of Fresh Feed Input by Delayed and Fluid Coking Units, Monthly","PADD 5 Downstream Processing of Fresh Feed Input by Delayed and Fluid Coking Units, Monthly"
US_EIA,REFINOBS,USA,gov_eia_PET,None,Monthly,KBD,PET.MCRDFUS2.M,PET.MCRDFUS2.M,"U.S. Downstream Processing of Fresh Feed Input by Delayed and Fluid Coking Units, Monthly","U.S. Downstream Processing of Fresh Feed Input by Delayed and Fluid Coking Units, Monthly"
US_EIA,REFINOBS,USA,gov_eia_PET,CRUDEOIL,Monthly,KBD,PET.M_EPC0_YIY_R50_2.M,PET.M_EPC0_YIY_R50_2.M,"PADD 5 Refinery Net Input of Crude Oil, Monthly","PADD 5 Refinery Net Input of Crude Oil, Monthly"
US_EIA,REFINOBS,USA,gov_eia_PET,None,Monthly,KBD,PET.M_EPL0_YIY_R50_2.M,PET.M_EPL0_YIY_R50_2.M,"PADD 5 Refinery Net Input of Hydrocarbon Gas Liquids, Monthly","PADD 5 Refinery Net Input of Hydrocarbon Gas Liquids, Monthly"
US_EIA,REFINOBS,USA,gov_eia_PET,None,Monthly,KBD,PET.M_EPLP_YIY_R50_2.M,PET.M_EPLP_YIY_R50_2.M,"PADD 5 Refinery Net Input of Pentanes Plus, Monthly","PADD 5 Refinery Net Input of Pentanes Plus, Monthly"
US_EIA,REFINOBS,USA,gov_eia_PET,None,Monthly,KBD,PET.M_EPLL_YIY_R50_2.M,PET.M_EPLL_YIY_R50_2.M,"PADD 5 Refinery Net Input of Liquified Petroleum Gases, Monthly ","PADD 5 Refinery Net Input of Liquified Petroleum Gases, Monthly "
US_EIA,REFINOBS,USA,gov_eia_PET,None,Monthly,KBD,PET.M_EPOL_YIY_R50_2.M,PET.M_EPOL_YIY_R50_2.M,"PADD 5 Refinery Net Input of Other Liquids, Monthly","PADD 5 Refinery Net Input of Other Liquids, Monthly"
US_EIA,REFINOBS,USA,gov_eia_PET,None,Monthly,KBD,PET.M_EPOOOH_YIY_R50_MBBLD.M,PET.M_EPOOOH_YIY_R50_MBBLD.M,"PADD 5 Refinery Net Input of Hydrogen, Monthly ","PADD 5 Refinery Net Input of Hydrogen, Monthly "
US_EIA,REFINOBS,USA,gov_eia_PET,None,Monthly,KBD,PET.M_EPOO_YIY_R50_2.M,PET.M_EPOO_YIY_R50_2.M,"PADD 5 Refinery Net Input of Other Hydrocarbons/Oxygenates, Monthly","PADD 5 Refinery Net Input of Other Hydrocarbons/Oxygenates, Monthly"
US_EIA,REFINOBS,USA,gov_eia_PET,None,Monthly,KBD,PET.M_EPOOXE_YIY_R50_2.M,PET.M_EPOOXE_YIY_R50_2.M,"PADD 5 Refinery Net Input of Fuel Ethanol, Monthly ","PADD 5 Refinery Net Input of Fuel Ethanol, Monthly "
US_EIA,REFINOBS,USA,gov_eia_PET,None,Monthly,KBD,PET.M_EPOORD_YIY_R50_MBBLD.M,PET.M_EPOORD_YIY_R50_MBBLD.M,"PADD 5 Refinery Net Input of Renewable Diesel Fuel, Monthly ","PADD 5 Refinery Net Input of Renewable Diesel Fuel, Monthly "
US_EIA,REFINOBS,USA,gov_eia_PET,None,Monthly,KBD,PET.M_EPOORO_YIY_R50_MBBLD.M,PET.M_EPOORO_YIY_R50_MBBLD.M,"PADD 5 Refinery Net Input of Other Renewable Fuels, Monthly","PADD 5 Refinery Net Input of Other Renewable Fuels, Monthly"
US_EIA,REFINOBS,USA,gov_eia_PET,None,Monthly,KBD,PET.M_EPOOOXH_YIY_R50_MBBLD.M,PET.M_EPOOOXH_YIY_R50_MBBLD.M,"PADD 5 Refinery Net Input of Other Hydrocarbons, Monthly","PADD 5 Refinery Net Input of Other Hydrocarbons, Monthly"
US_EIA,REFINOBS,USA,gov_eia_PET,None,Monthly,KBD,PET.M_EPOUN_YIY_R50_2.M,PET.M_EPOUN_YIY_R50_2.M,"PADD 5 Refinery Net Input of Naphthas and Lighter, Monthly","PADD 5 Refinery Net Input of Naphthas and Lighter, Monthly"
US_EIA,REFINOBS,USA,gov_eia_PET,None,Monthly,KBD,PET.M_EPOUK_YIY_R50_2.M,PET.M_EPOUK_YIY_R50_2.M,"PADD 5 Refinery Net Input of Kerosene and Light Oils, Monthly ","PADD 5 Refinery Net Input of Kerosene and Light Oils, Monthly "
US_EIA,REFINOBS,USA,gov_eia_PET,None,Monthly,KBD,PET.M_EPOUH_YIY_R50_2.M,PET.M_EPOUH_YIY_R50_2.M,"PADD 5 Refinery Net Input of Heavy Gas Oils, Monthly","PADD 5 Refinery Net Input of Heavy Gas Oils, Monthly"
US_EIA,REFINOBS,USA,gov_eia_PET,None,Monthly,KBD,PET.M_EPOUR_YIY_R50_2.M,PET.M_EPOUR_YIY_R50_2.M,"PADD 5 Refinery Net Input of Residuum, Monthly","PADD 5 Refinery Net Input of Residuum, Monthly"
US_EIA,REFINOBS,USA,gov_eia_PET,None,Monthly,KBD,PET.M_EPOBG_YIY_R50_2.M,PET.M_EPOBG_YIY_R50_2.M,"PADD 5 Refinery Net Input of Gasoline Blending Components, Monthly","PADD 5 Refinery Net Input of Gasoline Blending Components, Monthly"
US_EIA,None,USA,gov_eia_PET,None,Monthly,KBD,PET.M_EPL0_YIB_R50_MBBLD.M,PET.M_EPL0_YIB_R50_MBBLD.M,"PADD 5 Blender Net Input of Hydrocarbon Gas Liquids, Monthly ","PADD 5 Blender Net Input of Hydrocarbon Gas Liquids, Monthly "
US_EIA,None,USA,gov_eia_PET,None,Monthly,KBD,PET.M_EPOOXE_YIB_R50_2.M,PET.M_EPOOXE_YIB_R50_2.M,"PADD 5 Blender Net Input of Fuel Ethanol, Monthly","PADD 5 Blender Net Input of Fuel Ethanol, Monthly"
US_EIA,None,USA,gov_eia_PET,None,Monthly,KBD,PET.M_EPOORD_YIB_R50_MBBLD.M,PET.M_EPOORD_YIB_R50_MBBLD.M,"PADD 5 Blender Net Input of Renewable Diesel Fuel, Monthly","PADD 5 Blender Net Input of Renewable Diesel Fuel, Monthly"
US_EIA,None,USA,gov_eia_PET,None,Monthly,KBD,PET.M_EPOBG_YIB_R50_2.M,PET.M_EPOBG_YIB_R50_2.M,"PADD 5 Blender Net Input of Gasoline Blending Components, Monthly","PADD 5 Blender Net Input of Gasoline Blending Components, Monthly"
US_EIA,REFGROUT,USA,gov_eia_PET,CRUDEOIL,Monthly,KBD,PET.MTTRX_R50_2.M,PET.MTTRX_R50_2.M,"PADD 5 Refinery Net Production of Crude Oil and Petroleum Products, Monthly","PADD 5 Refinery Net Production of Crude Oil and Petroleum Products, Monthly"
US_EIA,REFGROUT,USA,gov_eia_PET,None,Monthly,KBD,PET.MLPRX_R50_2.M,PET.MLPRX_R50_2.M,"PADD 5 Refinery Net Production of Liquified Petroleum Gases, Monthly","PADD 5 Refinery Net Production of Liquified Petroleum Gases, Monthly"
US_EIA,REFGROUT,USA,gov_eia_PET,None,Monthly,KBD,PET.MPLRX_R50_2.M,PET.MPLRX_R50_2.M,"PADD 5 Refinery Net Production of Propylene, Monthly","PADD 5 Refinery Net Production of Propylene, Monthly"
US_EIA,REFGROUT,USA,gov_eia_PET,None,Monthly,KBD,PET.MGFRX_R50_2.M,PET.MGFRX_R50_2.M,"PADD 5 Refinery Net Production of Finished Motor Gasoline, Monthly","PADD 5 Refinery Net Production of Finished Motor Gasoline, Monthly"
US_EIA,REFGROUT,USA,gov_eia_PET,None,Monthly,KBD,PET.MKJRX_R50_2.M,PET.MKJRX_R50_2.M,"PADD 5 Refinery Net Production of Kerosene-Type Jet Fuel, Monthly","PADD 5 Refinery Net Production of Kerosene-Type Jet Fuel, Monthly"
US_EIA,REFGROUT,USA,gov_eia_PET,None,Monthly,KBD,PET.MD0RX_R50_2.M,PET.MD0RX_R50_2.M,"PADD 5 Refinery Net Production of Distillate Fuel Oil, 0 to 15 ppm Sulfur, Monthly","PADD 5 Refinery Net Production of Distillate Fuel Oil, 0 to 15 ppm Sulfur, Monthly"
US_EIA,REFGROUT,USA,gov_eia_PET,None,Monthly,KBD,PET.MD1RX_R50_2.M,PET.MD1RX_R50_2.M,"PADD 5 Refinery Net Production of Distillate Fuel Oil, Greater than 15 to 500 ppm Sulfur, Monthly","PADD 5 Refinery Net Production of Distillate Fuel Oil, Greater than 15 to 500 ppm Sulfur, Monthly"
US_EIA,REFGROUT,USA,gov_eia_PET,None,Monthly,KBD,PET.MDGRX_R50_2.M,PET.MDGRX_R50_2.M,"PADD 5 Refinery Net Production of Distillate Fuel Oil, Greater Than 500 ppm Sulfur, Monthly","PADD 5 Refinery Net Production of Distillate Fuel Oil, Greater Than 500 ppm Sulfur, Monthly"
US_EIA,REFGROUT,USA,gov_eia_PET,None,Monthly,KBD,PET.MPNRX_R50_2.M,PET.MPNRX_R50_2.M,"PADD 5 Refinery Net Production of Naphtha for Petrochemical Feedstock Use, Monthly","PADD 5 Refinery Net Production of Naphtha for Petrochemical Feedstock Use, Monthly"
US_EIA,REFGROUT,USA,gov_eia_PET,None,Monthly,KBD,PET.MLURX_R50_2.M,PET.MLURX_R50_2.M,"PADD 5 Refinery Net Production of Lubricants, Monthly","PADD 5 Refinery Net Production of Lubricants, Monthly"
US_EIA,REFGROUT,USA,gov_eia_PET,None,Monthly,KBD,PET.MCMRX_R50_2.M,PET.MCMRX_R50_2.M,"PADD 5 Refinery Net Production of Petroleum Coke Marketable, Monthly","PADD 5 Refinery Net Production of Petroleum Coke Marketable, Monthly"
US_EIA,REFGROUT,USA,gov_eia_PET,None,Monthly,KBD,PET.MAPRX_R50_2.M,PET.MAPRX_R50_2.M,"PADD 5 Refinery Net Production of Asphalt and Road Oil, Monthly","PADD 5 Refinery Net Production of Asphalt and Road Oil, Monthly"
US_EIA,REFGROUT,USA,gov_eia_PET,None,Monthly,KBD,PET.MSGRX_R50_2.M,PET.MSGRX_R50_2.M,"PADD 5 Refinery Net Production of Still Gas, Monthly","PADD 5 Refinery Net Production of Still Gas, Monthly"
US_EIA,REFGROUT,USA,gov_eia_PET,None,Monthly,KBD,PET.MMSRX_R50_2.M,PET.MMSRX_R50_2.M,"PADD 5 Refinery Net Production of Miscellaneous Petroleum Products, Monthly","PADD 5 Refinery Net Production of Miscellaneous Petroleum Products, Monthly"
US_EIA,None,USA,gov_eia_PET,None,Monthly,KBD,PET.MPGRX_R50_2.M,PET.MPGRX_R50_2.M,"PADD 5 Refinery Processing Gain, Monthly","PADD 5 Refinery Processing Gain, Monthly"
US_EIA,None,USA,gov_eia_PET,None,Monthly,KBD,PET.MGFRZ_R50_2.M,PET.MGFRZ_R50_2.M,"PADD 5 Blender Net Production of Finished Motor Gasoline, Monthly ","PADD 5 Blender Net Production of Finished Motor Gasoline, Monthly "
US_EIA,None,USA,gov_eia_PET,None,Monthly,KBD,PET.M_EPOOXE_YOP_R50_2.M,PET.M_EPOOXE_YOP_R50_2.M,"PADD 5 Oxygenate Plant Production of Fuel Ethanol, Monthly","PADD 5 Oxygenate Plant Production of Fuel Ethanol, Monthly"
US_EIA,REFINOBS,USA,gov_eia_PET,None,Monthly,KBD,PET.M_NA_YDR_R50_MBBLD.M,PET.M_NA_YDR_R50_MBBLD.M,"PADD 5 Downstream Processing of Fresh Feed Input by Catalytic Reforming Units, Monthly","PADD 5 Downstream Processing of Fresh Feed Input by Catalytic Reforming Units, Monthly"
US_EIA,None,USA,gov_eia_PET,None,Monthly,KBD,PET.M_EPLLEA_FPF_R50_MBBLD.M,PET.M_EPLLEA_FPF_R50_MBBLD.M,"PADD 5 Field Production of Ethane, Monthly (Thousand Barrels per Day)","PADD 5 Field Production of Ethane, Monthly (Thousand Barrels per Day)"
US_EIA,None,USA,gov_eia_PET,None,Monthly,KBD,PET.M_EPLLBAI_FPF_R50_MBBLD.A,PET.M_EPLLBAI_FPF_R50_MBBLD.A,"PADD 5 Field Production of Isobutane, Annual (Thousand Barrels per Day)","PADD 5 Field Production of Isobutane, Annual (Thousand Barrels per Day)"
US_EIA,None,USA,gov_eia_PET,None,Monthly,KBD,PET.M_EPL2_FPF_R50_MBBLD.M,PET.M_EPL2_FPF_R50_MBBLD.M,"PADD 5 Field Production of Natural Gas Liquids, Monthly (Thousand Barrels per Day)","PADD 5 Field Production of Natural Gas Liquids, Monthly (Thousand Barrels per Day)"
US_EIA,None,USA,gov_eia_PET,None,Monthly,KBD,PET.M_EPLLNG_FPF_R50_MBBLD.M,PET.M_EPLLNG_FPF_R50_MBBLD.M,"PADD 5 Field Production of Natural Gasoline, Monthly (Thousand Barrels per Day)","PADD 5 Field Production of Natural Gasoline, Monthly (Thousand Barrels per Day)"
US_EIA,None,USA,gov_eia_PET,None,Monthly,KBD,PET.M_EPLLBAN_FPF_R50_MBBLD.M,PET.M_EPLLBAN_FPF_R50_MBBLD.M,"PADD 5 Field Production of Normal Butane, Monthly (Thousand Barrels per Day)","PADD 5 Field Production of Normal Butane, Monthly (Thousand Barrels per Day)"
US_EIA,None,USA,gov_eia_PET,None,Monthly,KBD,PET.M_EPLLPA_FPF_R50_MBBLD.M,PET.M_EPLLPA_FPF_R50_MBBLD.M,"PADD 5  Field Production of Propane, Monthly (Thousand Barrels per Day)","PADD 5  Field Production of Propane, Monthly (Thousand Barrels per Day)"
US_EIA,None,USA,gov_eia_PET,CRUDEOIL,Monthly,KBBL,PET.8_NA_8R0D_R50_MBBL.A,PET.8_NA_8R0D_R50_MBBL.A,"PADD 5 Domestic Crude Oil Refinery Receipts, Annual (Thousand Barrels)","PADD 5 Domestic Crude Oil Refinery Receipts, Annual (Thousand Barrels)"
US_EIA,None,USA,gov_eia_PET,CRUDEOIL,Monthly,KBBL,PET.8_NA_8R0F_R50_MBBL.A,PET.8_NA_8R0F_R50_MBBL.A,"PADD 5 Foreign Crude Oil Refinery Receipts, Annual (Thousand Barrels)","PADD 5 Foreign Crude Oil Refinery Receipts, Annual (Thousand Barrels)"
US_EIA,None,USA,gov_eia_PET,CRUDEOIL,Monthly,KBBL,PET.8_NA_8RPD_R50_MBBL.A,PET.8_NA_8RPD_R50_MBBL.A,"PADD 5 Domestic Crude Oil Refinery Receipts by Pipeline, Annual (Thousand Barrels)","PADD 5 Domestic Crude Oil Refinery Receipts by Pipeline, Annual (Thousand Barrels)"
US_EIA,None,USA,gov_eia_PET,CRUDEOIL,Monthly,KBBL,PET.8_NA_8RPF_R50_MBBL.A,PET.8_NA_8RPF_R50_MBBL.A,"PADD 5 Foreign Crude Oil Refinery Receipts by Pipeline, Annual (Thousand Barrels)","PADD 5 Foreign Crude Oil Refinery Receipts by Pipeline, Annual (Thousand Barrels)"
US_EIA,None,USA,gov_eia_PET,CRUDEOIL,Monthly,KBBL,PET.8_NA_8RCD_R50_MBBL.A,PET.8_NA_8RCD_R50_MBBL.A,"PADD 5 Domestic Crude Oil Refinery Receipts by Tank Cars (Rail), Annual (Thousand Barrels)","PADD 5 Domestic Crude Oil Refinery Receipts by Tank Cars (Rail), Annual (Thousand Barrels)"
US_EIA,None,USA,gov_eia_PET,CRUDEOIL,Monthly,KBBL,PET.8_NA_8RCF_R50_MBBL.A,PET.8_NA_8RCF_R50_MBBL.A,"PADD 5 Foreign Crude Oil Refinery Receipts by Tank Cars (Rail), Annual (Thousand Barrels)","PADD 5 Foreign Crude Oil Refinery Receipts by Tank Cars (Rail), Annual (Thousand Barrels)"
US_EIA,None,USA,gov_eia_PET,CRUDEOIL,Monthly,KBBL,PET.8_NA_8RRD_R50_MBBL.A,PET.8_NA_8RRD_R50_MBBL.A,"PADD 5 Domestic Crude Oil Refinery Receipts by Truck, Annual (Thousand Barrels)","PADD 5 Domestic Crude Oil Refinery Receipts by Truck, Annual (Thousand Barrels)"
US_EIA,None,USA,gov_eia_PET,CRUDEOIL,Monthly,KBBL,PET.8_NA_8RRF_R50_MBBL.A,PET.8_NA_8RRF_R50_MBBL.A,"PADD 5 Foreign Crude Oil Refinery Receipts by Truck, Annual (Thousand Barrels)","PADD 5 Foreign Crude Oil Refinery Receipts by Truck, Annual (Thousand Barrels)"
US_EIA,None,USA,gov_eia_PET,None,Monthly,KBBL,PET.8_NA_8FPS_R50_MBBL.A,PET.8_NA_8FPS_R50_MBBL.A,"PADD 5 Still Gas Consumed at Refineries, Annual ","PADD 5 Still Gas Consumed at Refineries, Annual "
US_EIA,None,USA,gov_eia_PET,None,Monthly,KBBL,PET.8_NA_8FPPM_R50_MBBL.A,PET.8_NA_8FPPM_R50_MBBL.A,"PADD 5 Marketable Petroleum Coke Consumed at Refineries, Annual","PADD 5 Marketable Petroleum Coke Consumed at Refineries, Annual"
US_EIA,None,USA,gov_eia_PET,None,Monthly,KBBL,PET.8_NA_8FPPC_R50_MBBL.A,PET.8_NA_8FPPC_R50_MBBL.A,"PADD 5 Catalyst Petroleum Coke Consumed at Refineries, Annual","PADD 5 Catalyst Petroleum Coke Consumed at Refineries, Annual"
US_EIA,None,USA,gov_eia_PET,None,Monthly,KBBL,PET.8_NA_8FN0_R50_2.A,PET.8_NA_8FN0_R50_2.A,"PADD 5 Natural Gas Consumed at Refineries, Annual (Million Cubic Feet)","PADD 5 Natural Gas Consumed at Refineries, Annual (Million Cubic Feet)"
US_EIA,None,USA,gov_eia_PET,None,Monthly,KBBL,PET.8_NA_8FE0_R50_K.A,PET.8_NA_8FE0_R50_K.A,"PADD 5 Purchased Electricity Consumed at Refineries, Annual (Million Kilowatthours)","PADD 5 Purchased Electricity Consumed at Refineries, Annual (Million Kilowatthours)"
US_EIA,None,USA,gov_eia_PET,None,Monthly,KBBL,PET.8_NA_8FS0_R50_B.A,PET.8_NA_8FS0_R50_B.A,"PADD 5 Purchased Steam Consumed at Refineries, Annual (Million Pounds)","PADD 5 Purchased Steam Consumed at Refineries, Annual (Million Pounds)"
US_EIA,None,USA,gov_eia_PET,None,Monthly,KBBL,PET.8_NA_8NGFSHY_R50_MMCF.A,PET.8_NA_8NGFSHY_R50_MMCF.A,"PADD 5 Natural Gas Used as Feedstock for Hydrogen Production, Annual ","PADD 5 Natural Gas Used as Feedstock for Hydrogen Production, Annual "
US_EIA,REFINOBS,USA,gov_eia_PET,CRUDEOIL,Monthly,KBD,PET.M_EPC0_YIY_R40_2.M,PET.M_EPC0_YIY_R40_2.M,"PADD 4 Refinery Net Input of Crude Oil, Monthly","PADD 4 Refinery Net Input of Crude Oil, Monthly"
US_EIA,REFINOBS,USA,gov_eia_PET,None,Monthly,KBD,PET.M_EPL0_YIY_R40_2.M,PET.M_EPL0_YIY_R40_2.M,"PADD 4 Refinery Net Input of Hydrocarbon Gas Liquids, Monthly","PADD 4 Refinery Net Input of Hydrocarbon Gas Liquids, Monthly"
US_EIA,REFINOBS,USA,gov_eia_PET,None,Monthly,KBD,PET.M_EPLP_YIY_R40_2.M,PET.M_EPLP_YIY_R40_2.M,"PADD 4 Refinery Net Input of Pentanes Plus, Monthly","PADD 4 Refinery Net Input of Pentanes Plus, Monthly"
US_EIA,REFINOBS,USA,gov_eia_PET,None,Monthly,KBD,PET.M_EPLL_YIY_R40_2.M,PET.M_EPLL_YIY_R40_2.M,"PADD 4 Refinery Net Input of Liquified Petroleum Gases, Monthly ","PADD 4 Refinery Net Input of Liquified Petroleum Gases, Monthly "
US_EIA,REFINOBS,USA,gov_eia_PET,None,Monthly,KBD,PET.M_EPOL_YIY_R40_2.M,PET.M_EPOL_YIY_R40_2.M,"PADD 4 Refinery Net Input of Other Liquids, Monthly","PADD 4 Refinery Net Input of Other Liquids, Monthly"
US_EIA,REFINOBS,USA,gov_eia_PET,None,Monthly,KBD,PET.M_EPOOOH_YIY_R40_MBBLD.M,PET.M_EPOOOH_YIY_R40_MBBLD.M,"PADD 4 Refinery Net Input of Hydrogen, Monthly ","PADD 4 Refinery Net Input of Hydrogen, Monthly "
US_EIA,REFINOBS,USA,gov_eia_PET,None,Monthly,KBD,PET.M_EPOO_YIY_R40_2.M,PET.M_EPOO_YIY_R40_2.M,"PADD 4 Refinery Net Input of Other Hydrocarbons/Oxygenates, Monthly","PADD 4 Refinery Net Input of Other Hydrocarbons/Oxygenates, Monthly"
US_EIA,REFINOBS,USA,gov_eia_PET,None,Monthly,KBD,PET.M_EPOOXE_YIY_R40_2.M,PET.M_EPOOXE_YIY_R40_2.M,"PADD 4 Refinery Net Input of Fuel Ethanol, Monthly ","PADD 4 Refinery Net Input of Fuel Ethanol, Monthly "
US_EIA,REFINOBS,USA,gov_eia_PET,None,Monthly,KBD,PET.M_EPOORD_YIY_R40_MBBLD.M,PET.M_EPOORD_YIY_R40_MBBLD.M,"PADD 4 Refinery Net Input of Renewable Diesel Fuel, Monthly ","PADD 4 Refinery Net Input of Renewable Diesel Fuel, Monthly "
US_EIA,REFINOBS,USA,gov_eia_PET,None,Monthly,KBD,PET.M_EPOUN_YIY_R40_2.M,PET.M_EPOUN_YIY_R40_2.M,"PADD 4 Refinery Net Input of Naphthas and Lighter, Monthly","PADD 4 Refinery Net Input of Naphthas and Lighter, Monthly"
US_EIA,REFINOBS,USA,gov_eia_PET,None,Monthly,KBD,PET.M_EPOUK_YIY_R40_2.M,PET.M_EPOUK_YIY_R40_2.M,"PADD 4 Refinery Net Input of Kerosene and Light Oils, Monthly ","PADD 4 Refinery Net Input of Kerosene and Light Oils, Monthly "
US_EIA,REFINOBS,USA,gov_eia_PET,None,Monthly,KBD,PET.M_EPOUH_YIY_R40_2.M,PET.M_EPOUH_YIY_R40_2.M,"PADD 4 Refinery Net Input of Heavy Gas Oils, Monthly","PADD 4 Refinery Net Input of Heavy Gas Oils, Monthly"
US_EIA,REFINOBS,USA,gov_eia_PET,None,Monthly,KBD,PET.M_EPOUR_YIY_R40_2.M,PET.M_EPOUR_YIY_R40_2.M,"PADD 4 Refinery Net Input of Residuum, Monthly","PADD 4 Refinery Net Input of Residuum, Monthly"
US_EIA,REFINOBS,USA,gov_eia_PET,None,Monthly,KBD,PET.M_EPOBG_YIY_R40_2.M,PET.M_EPOBG_YIY_R40_2.M,"PADD 4 Refinery Net Input of Gasoline Blending Components, Monthly","PADD 4 Refinery Net Input of Gasoline Blending Components, Monthly"
US_EIA,None,USA,gov_eia_PET,None,Monthly,KBD,PET.M_EPL0_YIB_R40_MBBLD.M,PET.M_EPL0_YIB_R40_MBBLD.M,"PADD 4 Blender Net Input of Hydrocarbon Gas Liquids, Monthly ","PADD 4 Blender Net Input of Hydrocarbon Gas Liquids, Monthly "
US_EIA,None,USA,gov_eia_PET,None,Monthly,KBD,PET.M_EPOOXE_YIB_R40_2.M,PET.M_EPOOXE_YIB_R40_2.M,"PADD 4 Blender Net Input of Fuel Ethanol, Monthly","PADD 4 Blender Net Input of Fuel Ethanol, Monthly"
US_EIA,None,USA,gov_eia_PET,None,Monthly,KBD,PET.M_EPOORD_YIB_R40_MBBLD.M,PET.M_EPOORD_YIB_R40_MBBLD.M,"PADD 4 Blender Net Input of Renewable Diesel Fuel, Monthly","PADD 4 Blender Net Input of Renewable Diesel Fuel, Monthly"
US_EIA,None,USA,gov_eia_PET,None,Monthly,KBD,PET.M_EPOBG_YIB_R40_2.M,PET.M_EPOBG_YIB_R40_2.M,"PADD 4 Blender Net Input of Gasoline Blending Components, Monthly","PADD 4 Blender Net Input of Gasoline Blending Components, Monthly"
US_EIA,REFGROUT,USA,gov_eia_PET,CRUDEOIL,Monthly,KBD,PET.MTTRX_R40_2.M,PET.MTTRX_R40_2.M,"PADD 4 Refinery Net Production of Crude Oil and Petroleum Products, Monthly","PADD 4 Refinery Net Production of Crude Oil and Petroleum Products, Monthly"
US_EIA,REFGROUT,USA,gov_eia_PET,None,Monthly,KBD,PET.MLPRX_R40_2.M,PET.MLPRX_R40_2.M,"PADD 4 Refinery Net Production of Liquified Petroleum Gases, Monthly","PADD 4 Refinery Net Production of Liquified Petroleum Gases, Monthly"
US_EIA,REFGROUT,USA,gov_eia_PET,None,Monthly,KBD,PET.MPLRX_R40_2.M,PET.MPLRX_R40_2.M,"PADD 4 Refinery Net Production of Propylene, Monthly","PADD 4 Refinery Net Production of Propylene, Monthly"
US_EIA,REFGROUT,USA,gov_eia_PET,None,Monthly,KBD,PET.MGFRX_R40_2.M,PET.MGFRX_R40_2.M,"PADD 4 Refinery Net Production of Finished Motor Gasoline, Monthly","PADD 4 Refinery Net Production of Finished Motor Gasoline, Monthly"
US_EIA,REFGROUT,USA,gov_eia_PET,None,Monthly,KBD,PET.MKJRX_R40_2.M,PET.MKJRX_R40_2.M,"PADD 4 Refinery Net Production of Kerosene-Type Jet Fuel, Monthly","PADD 4 Refinery Net Production of Kerosene-Type Jet Fuel, Monthly"
US_EIA,REFGROUT,USA,gov_eia_PET,None,Monthly,KBD,PET.MD0RX_R40_2.M,PET.MD0RX_R40_2.M,"PADD 4 Refinery Net Production of Distillate Fuel Oil, 0 to 15 ppm Sulfur, Monthly","PADD 4 Refinery Net Production of Distillate Fuel Oil, 0 to 15 ppm Sulfur, Monthly"
US_EIA,REFGROUT,USA,gov_eia_PET,None,Monthly,KBD,PET.MD1RX_R40_2.M,PET.MD1RX_R40_2.M,"PADD 4 Refinery Net Production of Distillate Fuel Oil, Greater than 15 to 500 ppm Sulfur, Monthly","PADD 4 Refinery Net Production of Distillate Fuel Oil, Greater than 15 to 500 ppm Sulfur, Monthly"
US_EIA,REFGROUT,USA,gov_eia_PET,None,Monthly,KBD,PET.MDGRX_R40_2.M,PET.MDGRX_R40_2.M,"PADD 4 Refinery Net Production of Distillate Fuel Oil, Greater Than 500 ppm Sulfur, Monthly","PADD 4 Refinery Net Production of Distillate Fuel Oil, Greater Than 500 ppm Sulfur, Monthly"
US_EIA,REFGROUT,USA,gov_eia_PET,None,Monthly,KBD,PET.MCMRX_R40_2.M,PET.MCMRX_R40_2.M,"PADD 4 Refinery Net Production of Petroleum Coke Marketable, Monthly","PADD 4 Refinery Net Production of Petroleum Coke Marketable, Monthly"
US_EIA,REFGROUT,USA,gov_eia_PET,None,Monthly,KBD,PET.MAPRX_R40_2.M,PET.MAPRX_R40_2.M,"PADD 4 Refinery Net Production of Asphalt and Road Oil, Monthly","PADD 4 Refinery Net Production of Asphalt and Road Oil, Monthly"
US_EIA,REFGROUT,USA,gov_eia_PET,None,Monthly,KBD,PET.MSGRX_R40_2.M,PET.MSGRX_R40_2.M,"PADD 4 Refinery Net Production of Still Gas, Monthly","PADD 4 Refinery Net Production of Still Gas, Monthly"
US_EIA,REFGROUT,USA,gov_eia_PET,None,Monthly,KBD,PET.MMSRX_R40_2.M,PET.MMSRX_R40_2.M,"PADD 4 Refinery Net Production of Miscellaneous Petroleum Products, Monthly","PADD 4 Refinery Net Production of Miscellaneous Petroleum Products, Monthly"
US_EIA,None,USA,gov_eia_PET,None,Monthly,KBD,PET.MPGRX_R40_2.M,PET.MPGRX_R40_2.M,"PADD 4 Refinery Processing Gain, Monthly","PADD 4 Refinery Processing Gain, Monthly"
US_EIA,None,USA,gov_eia_PET,None,Monthly,KBD,PET.MGFRZ_R40_2.M,PET.MGFRZ_R40_2.M,"PADD 4 Blender Net Production of Finished Motor Gasoline, Monthly ","PADD 4 Blender Net Production of Finished Motor Gasoline, Monthly "
US_EIA,None,USA,gov_eia_PET,None,Monthly,KBD,PET.M_EPOOXE_YOP_R40_2.M,PET.M_EPOOXE_YOP_R40_2.M,"PADD 4 Oxygenate Plant Production of Fuel Ethanol, Monthly","PADD 4 Oxygenate Plant Production of Fuel Ethanol, Monthly"
US_EIA,REFINOBS,USA,gov_eia_PET,None,Monthly,KBD,PET.M_NA_YDR_R40_MBBLD.M,PET.M_NA_YDR_R40_MBBLD.M,"PADD 4 Downstream Processing of Fresh Feed Input by Catalytic Reforming Units, Monthly","PADD 4 Downstream Processing of Fresh Feed Input by Catalytic Reforming Units, Monthly"
US_EIA,None,USA,gov_eia_PET,None,Monthly,KBD,PET.M_EPLLEA_FPF_R40_MBBLD.M,PET.M_EPLLEA_FPF_R40_MBBLD.M,"PADD 4 Field Production of Ethane, Monthly (Thousand Barrels per Day)","PADD 4 Field Production of Ethane, Monthly (Thousand Barrels per Day)"
US_EIA,None,USA,gov_eia_PET,None,Monthly,KBD,PET.M_EPLLBAI_FPF_R40_MBBLD.A,PET.M_EPLLBAI_FPF_R40_MBBLD.A,"PADD 4 Field Production of Isobutane, Annual (Thousand Barrels per Day)","PADD 4 Field Production of Isobutane, Annual (Thousand Barrels per Day)"
US_EIA,None,USA,gov_eia_PET,None,Monthly,KBD,PET.M_EPL2_FPF_R40_MBBLD.M,PET.M_EPL2_FPF_R40_MBBLD.M,"PADD 4 Field Production of Natural Gas Liquids, Monthly (Thousand Barrels per Day)","PADD 4 Field Production of Natural Gas Liquids, Monthly (Thousand Barrels per Day)"
US_EIA,None,USA,gov_eia_PET,None,Monthly,KBD,PET.M_EPLLNG_FPF_R40_MBBLD.M,PET.M_EPLLNG_FPF_R40_MBBLD.M,"PADD 4 Field Production of Natural Gasoline, Monthly (Thousand Barrels per Day)","PADD 4 Field Production of Natural Gasoline, Monthly (Thousand Barrels per Day)"
US_EIA,None,USA,gov_eia_PET,None,Monthly,KBD,PET.M_EPLLBAN_FPF_R40_MBBLD.M,PET.M_EPLLBAN_FPF_R40_MBBLD.M,"PADD 4 Field Production of Normal Butane, Monthly (Thousand Barrels per Day)","PADD 4 Field Production of Normal Butane, Monthly (Thousand Barrels per Day)"
US_EIA,None,USA,gov_eia_PET,None,Monthly,KBD,PET.M_EPLLPA_FPF_R40_MBBLD.M,PET.M_EPLLPA_FPF_R40_MBBLD.M,"PADD 4  Field Production of Propane, Monthly (Thousand Barrels per Day)","PADD 4  Field Production of Propane, Monthly (Thousand Barrels per Day)"
US_EIA,None,USA,gov_eia_PET,CRUDEOIL,Monthly,KBBL,PET.8_NA_8R0D_R40_MBBL.A,PET.8_NA_8R0D_R40_MBBL.A,"PADD 4 Domestic Crude Oil Refinery Receipts, Annual (Thousand Barrels)","PADD 4 Domestic Crude Oil Refinery Receipts, Annual (Thousand Barrels)"
US_EIA,None,USA,gov_eia_PET,CRUDEOIL,Monthly,KBBL,PET.8_NA_8R0F_R40_MBBL.A,PET.8_NA_8R0F_R40_MBBL.A,"PADD 4 Foreign Crude Oil Refinery Receipts, Annual (Thousand Barrels)","PADD 4 Foreign Crude Oil Refinery Receipts, Annual (Thousand Barrels)"
US_EIA,None,USA,gov_eia_PET,CRUDEOIL,Monthly,KBBL,PET.8_NA_8RPD_R40_MBBL.A,PET.8_NA_8RPD_R40_MBBL.A,"PADD 4 Domestic Crude Oil Refinery Receipts by Pipeline, Annual (Thousand Barrels)","PADD 4 Domestic Crude Oil Refinery Receipts by Pipeline, Annual (Thousand Barrels)"
US_EIA,None,USA,gov_eia_PET,CRUDEOIL,Monthly,KBBL,PET.8_NA_8RPF_R40_MBBL.A,PET.8_NA_8RPF_R40_MBBL.A,"PADD 4 Foreign Crude Oil Refinery Receipts by Pipeline, Annual (Thousand Barrels)","PADD 4 Foreign Crude Oil Refinery Receipts by Pipeline, Annual (Thousand Barrels)"
US_EIA,None,USA,gov_eia_PET,CRUDEOIL,Monthly,KBBL,PET.8_NA_8RCD_R40_MBBL.A,PET.8_NA_8RCD_R40_MBBL.A,"PADD 4 Domestic Crude Oil Refinery Receipts by Tank Cars (Rail), Annual (Thousand Barrels)","PADD 4 Domestic Crude Oil Refinery Receipts by Tank Cars (Rail), Annual (Thousand Barrels)"
US_EIA,None,USA,gov_eia_PET,CRUDEOIL,Monthly,KBBL,PET.8_NA_8RCF_R40_MBBL.A,PET.8_NA_8RCF_R40_MBBL.A,"PADD 4 Foreign Crude Oil Refinery Receipts by Tank Cars (Rail), Annual (Thousand Barrels)","PADD 4 Foreign Crude Oil Refinery Receipts by Tank Cars (Rail), Annual (Thousand Barrels)"
US_EIA,None,USA,gov_eia_PET,CRUDEOIL,Monthly,KBBL,PET.8_NA_8RRD_R40_MBBL.A,PET.8_NA_8RRD_R40_MBBL.A,"PADD 4 Domestic Crude Oil Refinery Receipts by Truck, Annual (Thousand Barrels)","PADD 4 Domestic Crude Oil Refinery Receipts by Truck, Annual (Thousand Barrels)"
US_EIA,None,USA,gov_eia_PET,CRUDEOIL,Monthly,KBBL,PET.8_NA_8RRF_R40_MBBL.A,PET.8_NA_8RRF_R40_MBBL.A,"PADD 4 Foreign Crude Oil Refinery Receipts by Truck, Annual (Thousand Barrels)","PADD 4 Foreign Crude Oil Refinery Receipts by Truck, Annual (Thousand Barrels)"
US_EIA,None,USA,gov_eia_PET,None,Monthly,KBBL,PET.8_NA_8FPS_R40_MBBL.A,PET.8_NA_8FPS_R40_MBBL.A,"PADD 4 Still Gas Consumed at Refineries, Annual ","PADD 4 Still Gas Consumed at Refineries, Annual "
US_EIA,None,USA,gov_eia_PET,None,Monthly,KBBL,PET.8_NA_8FPPM_R40_MBBL.A,PET.8_NA_8FPPM_R40_MBBL.A,"PADD 4 Marketable Petroleum Coke Consumed at Refineries, Annual","PADD 4 Marketable Petroleum Coke Consumed at Refineries, Annual"
US_EIA,None,USA,gov_eia_PET,None,Monthly,KBBL,PET.8_NA_8FPPC_R40_MBBL.A,PET.8_NA_8FPPC_R40_MBBL.A,"PADD 4 Catalyst Petroleum Coke Consumed at Refineries, Annual","PADD 4 Catalyst Petroleum Coke Consumed at Refineries, Annual"
US_EIA,None,USA,gov_eia_PET,None,Monthly,KBBL,PET.8_NA_8FN0_R40_2.A,PET.8_NA_8FN0_R40_2.A,"PADD 4 Natural Gas Consumed at Refineries, Annual (Million Cubic Feet)","PADD 4 Natural Gas Consumed at Refineries, Annual (Million Cubic Feet)"
US_EIA,None,USA,gov_eia_PET,None,Monthly,KBBL,PET.8_NA_8FE0_R40_K.A,PET.8_NA_8FE0_R40_K.A,"PADD 4 Purchased Electricity Consumed at Refineries, Annual (Million Kilowatthours)","PADD 4 Purchased Electricity Consumed at Refineries, Annual (Million Kilowatthours)"
US_EIA,None,USA,gov_eia_PET,None,Monthly,KBBL,PET.8_NA_8FS0_R40_B.A,PET.8_NA_8FS0_R40_B.A,"PADD 4 Purchased Steam Consumed at Refineries, Annual (Million Pounds)","PADD 4 Purchased Steam Consumed at Refineries, Annual (Million Pounds)"
US_EIA,None,USA,gov_eia_PET,None,Monthly,KBBL,PET.8_NA_8NGFSHY_R40_MMCF.A,PET.8_NA_8NGFSHY_R40_MMCF.A,"PADD 4 Natural Gas Used as Feedstock for Hydrogen Production, Annual ","PADD 4 Natural Gas Used as Feedstock for Hydrogen Production, Annual "
US_EIA,REFINOBS,USA,gov_eia_PET,CRUDEOIL,Monthly,KBD,PET.M_EPC0_YIY_R30_2.M,PET.M_EPC0_YIY_R30_2.M,"PADD 3 Refinery Net Input of Crude Oil, Monthly","PADD 3 Refinery Net Input of Crude Oil, Monthly"
US_EIA,REFINOBS,USA,gov_eia_PET,None,Monthly,KBD,PET.M_EPL0_YIY_R30_2.M,PET.M_EPL0_YIY_R30_2.M,"PADD 3 Refinery Net Input of Hydrocarbon Gas Liquids, Monthly","PADD 3 Refinery Net Input of Hydrocarbon Gas Liquids, Monthly"
US_EIA,REFINOBS,USA,gov_eia_PET,None,Monthly,KBD,PET.M_EPLP_YIY_R30_2.M,PET.M_EPLP_YIY_R30_2.M,"PADD 3 Refinery Net Input of Pentanes Plus, Monthly","PADD 3 Refinery Net Input of Pentanes Plus, Monthly"
US_EIA,REFINOBS,USA,gov_eia_PET,None,Monthly,KBD,PET.M_EPLL_YIY_R30_2.M,PET.M_EPLL_YIY_R30_2.M,"PADD 3 Refinery Net Input of Liquified Petroleum Gases, Monthly ","PADD 3 Refinery Net Input of Liquified Petroleum Gases, Monthly "
US_EIA,REFINOBS,USA,gov_eia_PET,None,Monthly,KBD,PET.M_EPOL_YIY_R30_2.M,PET.M_EPOL_YIY_R30_2.M,"PADD 3 Refinery Net Input of Other Liquids, Monthly","PADD 3 Refinery Net Input of Other Liquids, Monthly"
US_EIA,REFINOBS,USA,gov_eia_PET,None,Monthly,KBD,PET.M_EPOOOH_YIY_R30_MBBLD.M,PET.M_EPOOOH_YIY_R30_MBBLD.M,"PADD 3 Refinery Net Input of Hydrogen, Monthly ","PADD 3 Refinery Net Input of Hydrogen, Monthly "
US_EIA,REFINOBS,USA,gov_eia_PET,None,Monthly,KBD,PET.M_EPOO_YIY_R30_2.M,PET.M_EPOO_YIY_R30_2.M,"PADD 3 Refinery Net Input of Other Hydrocarbons/Oxygenates, Monthly","PADD 3 Refinery Net Input of Other Hydrocarbons/Oxygenates, Monthly"
US_EIA,REFINOBS,USA,gov_eia_PET,None,Monthly,KBD,PET.M_EPOOXE_YIY_R30_2.M,PET.M_EPOOXE_YIY_R30_2.M,"PADD 3 Refinery Net Input of Fuel Ethanol, Monthly ","PADD 3 Refinery Net Input of Fuel Ethanol, Monthly "
US_EIA,REFINOBS,USA,gov_eia_PET,None,Monthly,KBD,PET.M_EPOORD_YIY_R30_MBBLD.M,PET.M_EPOORD_YIY_R30_MBBLD.M,"PADD 3 Refinery Net Input of Renewable Diesel Fuel, Monthly ","PADD 3 Refinery Net Input of Renewable Diesel Fuel, Monthly "
US_EIA,REFINOBS,USA,gov_eia_PET,None,Monthly,KBD,PET.M_EPOORO_YIY_R30_MBBLD.M,PET.M_EPOORO_YIY_R30_MBBLD.M,"PADD 3 Refinery Net Input of Other Renewable Fuels, Monthly","PADD 3 Refinery Net Input of Other Renewable Fuels, Monthly"
US_EIA,REFINOBS,USA,gov_eia_PET,None,Monthly,KBD,PET.M_EPOOOXH_YIY_R30_MBBLD.M,PET.M_EPOOOXH_YIY_R30_MBBLD.M,"PADD 3 Refinery Net Input of Other Hydrocarbons, Monthly","PADD 3 Refinery Net Input of Other Hydrocarbons, Monthly"
US_EIA,REFINOBS,USA,gov_eia_PET,None,Monthly,KBD,PET.M_EPOUN_YIY_R30_2.M,PET.M_EPOUN_YIY_R30_2.M,"PADD 3 Refinery Net Input of Naphthas and Lighter, Monthly","PADD 3 Refinery Net Input of Naphthas and Lighter, Monthly"
US_EIA,REFINOBS,USA,gov_eia_PET,None,Monthly,KBD,PET.M_EPOUK_YIY_R30_2.M,PET.M_EPOUK_YIY_R30_2.M,"PADD 3 Refinery Net Input of Kerosene and Light Oils, Monthly ","PADD 3 Refinery Net Input of Kerosene and Light Oils, Monthly "
US_EIA,REFINOBS,USA,gov_eia_PET,None,Monthly,KBD,PET.M_EPOUH_YIY_R30_2.M,PET.M_EPOUH_YIY_R30_2.M,"PADD 3 Refinery Net Input of Heavy Gas Oils, Monthly","PADD 3 Refinery Net Input of Heavy Gas Oils, Monthly"
US_EIA,REFINOBS,USA,gov_eia_PET,None,Monthly,KBD,PET.M_EPOUR_YIY_R30_2.M,PET.M_EPOUR_YIY_R30_2.M,"PADD 3 Refinery Net Input of Residuum, Monthly","PADD 3 Refinery Net Input of Residuum, Monthly"
US_EIA,REFINOBS,USA,gov_eia_PET,None,Monthly,KBD,PET.M_EPOBG_YIY_R30_2.M,PET.M_EPOBG_YIY_R30_2.M,"PADD 3 Refinery Net Input of Gasoline Blending Components, Monthly","PADD 3 Refinery Net Input of Gasoline Blending Components, Monthly"
US_EIA,None,USA,gov_eia_PET,None,Monthly,KBD,PET.M_EPL0_YIB_R30_MBBLD.M,PET.M_EPL0_YIB_R30_MBBLD.M,"PADD 3 Blender Net Input of Hydrocarbon Gas Liquids, Monthly ","PADD 3 Blender Net Input of Hydrocarbon Gas Liquids, Monthly "
US_EIA,None,USA,gov_eia_PET,None,Monthly,KBD,PET.M_EPOOXE_YIB_R30_2.M,PET.M_EPOOXE_YIB_R30_2.M,"PADD 3 Blender Net Input of Fuel Ethanol, Monthly","PADD 3 Blender Net Input of Fuel Ethanol, Monthly"
US_EIA,None,USA,gov_eia_PET,None,Monthly,KBD,PET.M_EPOORD_YIB_R30_MBBLD.M,PET.M_EPOORD_YIB_R30_MBBLD.M,"PADD 3 Blender Net Input of Renewable Diesel Fuel, Monthly","PADD 3 Blender Net Input of Renewable Diesel Fuel, Monthly"
US_EIA,None,USA,gov_eia_PET,None,Monthly,KBD,PET.M_EPOBG_YIB_R30_2.M,PET.M_EPOBG_YIB_R30_2.M,"PADD 3 Blender Net Input of Gasoline Blending Components, Monthly","PADD 3 Blender Net Input of Gasoline Blending Components, Monthly"
US_EIA,REFGROUT,USA,gov_eia_PET,CRUDEOIL,Monthly,KBD,PET.MTTRX_R30_2.M,PET.MTTRX_R30_2.M,"PADD 3 Refinery Net Production of Crude Oil and Petroleum Products, Monthly","PADD 3 Refinery Net Production of Crude Oil and Petroleum Products, Monthly"
US_EIA,REFGROUT,USA,gov_eia_PET,None,Monthly,KBD,PET.MLPRX_R30_2.M,PET.MLPRX_R30_2.M,"PADD 3 Refinery Net Production of Liquified Petroleum Gases, Monthly","PADD 3 Refinery Net Production of Liquified Petroleum Gases, Monthly"
US_EIA,REFGROUT,USA,gov_eia_PET,None,Monthly,KBD,PET.MPLRX_R30_2.M,PET.MPLRX_R30_2.M,"PADD 3 Refinery Net Production of Propylene, Monthly","PADD 3 Refinery Net Production of Propylene, Monthly"
US_EIA,REFGROUT,USA,gov_eia_PET,None,Monthly,KBD,PET.MGFRX_R30_2.M,PET.MGFRX_R30_2.M,"PADD 3 Refinery Net Production of Finished Motor Gasoline, Monthly","PADD 3 Refinery Net Production of Finished Motor Gasoline, Monthly"
US_EIA,REFGROUT,USA,gov_eia_PET,None,Monthly,KBD,PET.MKJRX_R30_2.M,PET.MKJRX_R30_2.M,"PADD 3 Refinery Net Production of Kerosene-Type Jet Fuel, Monthly","PADD 3 Refinery Net Production of Kerosene-Type Jet Fuel, Monthly"
US_EIA,REFGROUT,USA,gov_eia_PET,None,Monthly,KBD,PET.MD0RX_R30_2.M,PET.MD0RX_R30_2.M,"PADD 3 Refinery Net Production of Distillate Fuel Oil, 0 to 15 ppm Sulfur, Monthly","PADD 3 Refinery Net Production of Distillate Fuel Oil, 0 to 15 ppm Sulfur, Monthly"
US_EIA,REFGROUT,USA,gov_eia_PET,None,Monthly,KBD,PET.MD1RX_R30_2.M,PET.MD1RX_R30_2.M,"PADD 3 Refinery Net Production of Distillate Fuel Oil, Greater than 15 to 500 ppm Sulfur, Monthly","PADD 3 Refinery Net Production of Distillate Fuel Oil, Greater than 15 to 500 ppm Sulfur, Monthly"
US_EIA,REFGROUT,USA,gov_eia_PET,None,Monthly,KBD,PET.MDGRX_R30_2.M,PET.MDGRX_R30_2.M,"PADD 3 Refinery Net Production of Distillate Fuel Oil, Greater Than 500 ppm Sulfur, Monthly","PADD 3 Refinery Net Production of Distillate Fuel Oil, Greater Than 500 ppm Sulfur, Monthly"
US_EIA,REFGROUT,USA,gov_eia_PET,None,Monthly,KBD,PET.MPNRX_R30_2.M,PET.MPNRX_R30_2.M,"PADD 3 Refinery Net Production of Naphtha for Petrochemical Feedstock Use, Monthly","PADD 3 Refinery Net Production of Naphtha for Petrochemical Feedstock Use, Monthly"
US_EIA,REFGROUT,USA,gov_eia_PET,None,Monthly,KBD,PET.MLURX_R30_2.M,PET.MLURX_R30_2.M,"PADD 3 Refinery Net Production of Lubricants, Monthly","PADD 3 Refinery Net Production of Lubricants, Monthly"
US_EIA,REFGROUT,USA,gov_eia_PET,None,Monthly,KBD,PET.MCMRX_R30_2.M,PET.MCMRX_R30_2.M,"PADD 3 Refinery Net Production of Petroleum Coke Marketable, Monthly","PADD 3 Refinery Net Production of Petroleum Coke Marketable, Monthly"
US_EIA,REFGROUT,USA,gov_eia_PET,None,Monthly,KBD,PET.MAPRX_R30_2.M,PET.MAPRX_R30_2.M,"PADD 3 Refinery Net Production of Asphalt and Road Oil, Monthly","PADD 3 Refinery Net Production of Asphalt and Road Oil, Monthly"
US_EIA,REFGROUT,USA,gov_eia_PET,None,Monthly,KBD,PET.MSGRX_R30_2.M,PET.MSGRX_R30_2.M,"PADD 3 Refinery Net Production of Still Gas, Monthly","PADD 3 Refinery Net Production of Still Gas, Monthly"
US_EIA,REFGROUT,USA,gov_eia_PET,None,Monthly,KBD,PET.MMSRX_R30_2.M,PET.MMSRX_R30_2.M,"PADD 3 Refinery Net Production of Miscellaneous Petroleum Products, Monthly","PADD 3 Refinery Net Production of Miscellaneous Petroleum Products, Monthly"
US_EIA,None,USA,gov_eia_PET,None,Monthly,KBD,PET.MPGRX_R30_2.M,PET.MPGRX_R30_2.M,"PADD 3 Refinery Processing Gain, Monthly","PADD 3 Refinery Processing Gain, Monthly"
US_EIA,None,USA,gov_eia_PET,None,Monthly,KBD,PET.MGFRZ_R30_2.M,PET.MGFRZ_R30_2.M,"PADD 3 Blender Net Production of Finished Motor Gasoline, Monthly ","PADD 3 Blender Net Production of Finished Motor Gasoline, Monthly "
US_EIA,None,USA,gov_eia_PET,None,Monthly,KBD,PET.M_EPOOXE_YOP_R30_2.M,PET.M_EPOOXE_YOP_R30_2.M,"PADD 3 Oxygenate Plant Production of Fuel Ethanol, Monthly","PADD 3 Oxygenate Plant Production of Fuel Ethanol, Monthly"
US_EIA,REFINOBS,USA,gov_eia_PET,None,Monthly,KBD,PET.M_NA_YDR_R30_MBBLD.M,PET.M_NA_YDR_R30_MBBLD.M,"PADD 3 Downstream Processing of Fresh Feed Input by Catalytic Reforming Units, Monthly","PADD 3 Downstream Processing of Fresh Feed Input by Catalytic Reforming Units, Monthly"
US_EIA,None,USA,gov_eia_PET,None,Monthly,KBD,PET.M_EPLLEA_FPF_R30_MBBLD.M,PET.M_EPLLEA_FPF_R30_MBBLD.M,"PADD 3 Field Production of Ethane, Monthly (Thousand Barrels per Day)","PADD 3 Field Production of Ethane, Monthly (Thousand Barrels per Day)"
US_EIA,None,USA,gov_eia_PET,None,Monthly,KBD,PET.M_EPLLBAI_FPF_R30_MBBLD.A,PET.M_EPLLBAI_FPF_R30_MBBLD.A,"PADD 3 Field Production of Isobutane, Annual (Thousand Barrels per Day)","PADD 3 Field Production of Isobutane, Annual (Thousand Barrels per Day)"
US_EIA,None,USA,gov_eia_PET,None,Monthly,KBD,PET.M_EPL2_FPF_R30_MBBLD.M,PET.M_EPL2_FPF_R30_MBBLD.M,"PADD 3 Field Production of Natural Gas Liquids, Monthly (Thousand Barrels per Day)","PADD 3 Field Production of Natural Gas Liquids, Monthly (Thousand Barrels per Day)"
US_EIA,None,USA,gov_eia_PET,None,Monthly,KBD,PET.M_EPLLNG_FPF_R30_MBBLD.M,PET.M_EPLLNG_FPF_R30_MBBLD.M,"PADD 3 Field Production of Natural Gasoline, Monthly (Thousand Barrels per Day)","PADD 3 Field Production of Natural Gasoline, Monthly (Thousand Barrels per Day)"
US_EIA,None,USA,gov_eia_PET,None,Monthly,KBD,PET.M_EPLLBAN_FPF_R30_MBBLD.M,PET.M_EPLLBAN_FPF_R30_MBBLD.M,"PADD 3 Field Production of Normal Butane, Monthly (Thousand Barrels per Day)","PADD 3 Field Production of Normal Butane, Monthly (Thousand Barrels per Day)"
US_EIA,None,USA,gov_eia_PET,None,Monthly,KBD,PET.M_EPLLPA_FPF_R30_MBBLD.M,PET.M_EPLLPA_FPF_R30_MBBLD.M,"PADD 3  Field Production of Propane, Monthly (Thousand Barrels per Day)","PADD 3  Field Production of Propane, Monthly (Thousand Barrels per Day)"
US_EIA,None,USA,gov_eia_PET,CRUDEOIL,Monthly,KBBL,PET.8_NA_8R0D_R30_MBBL.A,PET.8_NA_8R0D_R30_MBBL.A,"PADD 3 Domestic Crude Oil Refinery Receipts, Annual (Thousand Barrels)","PADD 3 Domestic Crude Oil Refinery Receipts, Annual (Thousand Barrels)"
US_EIA,None,USA,gov_eia_PET,CRUDEOIL,Monthly,KBBL,PET.8_NA_8R0F_R30_MBBL.A,PET.8_NA_8R0F_R30_MBBL.A,"PADD 3 Foreign Crude Oil Refinery Receipts, Annual (Thousand Barrels)","PADD 3 Foreign Crude Oil Refinery Receipts, Annual (Thousand Barrels)"
US_EIA,None,USA,gov_eia_PET,CRUDEOIL,Monthly,KBBL,PET.8_NA_8RPD_R30_MBBL.A,PET.8_NA_8RPD_R30_MBBL.A,"PADD 3 Domestic Crude Oil Refinery Receipts by Pipeline, Annual (Thousand Barrels)","PADD 3 Domestic Crude Oil Refinery Receipts by Pipeline, Annual (Thousand Barrels)"
US_EIA,None,USA,gov_eia_PET,CRUDEOIL,Monthly,KBBL,PET.8_NA_8RPF_R30_MBBL.A,PET.8_NA_8RPF_R30_MBBL.A,"PADD 3 Foreign Crude Oil Refinery Receipts by Pipeline, Annual (Thousand Barrels)","PADD 3 Foreign Crude Oil Refinery Receipts by Pipeline, Annual (Thousand Barrels)"
US_EIA,None,USA,gov_eia_PET,CRUDEOIL,Monthly,KBBL,PET.8_NA_8RCD_R30_MBBL.A,PET.8_NA_8RCD_R30_MBBL.A,"PADD 3 Domestic Crude Oil Refinery Receipts by Tank Cars (Rail), Annual (Thousand Barrels)","PADD 3 Domestic Crude Oil Refinery Receipts by Tank Cars (Rail), Annual (Thousand Barrels)"
US_EIA,None,USA,gov_eia_PET,CRUDEOIL,Monthly,KBBL,PET.8_NA_8RCF_R30_MBBL.A,PET.8_NA_8RCF_R30_MBBL.A,"PADD 3 Foreign Crude Oil Refinery Receipts by Tank Cars (Rail), Annual (Thousand Barrels)","PADD 3 Foreign Crude Oil Refinery Receipts by Tank Cars (Rail), Annual (Thousand Barrels)"
US_EIA,None,USA,gov_eia_PET,CRUDEOIL,Monthly,KBBL,PET.8_NA_8RRD_R30_MBBL.A,PET.8_NA_8RRD_R30_MBBL.A,"PADD 3 Domestic Crude Oil Refinery Receipts by Truck, Annual (Thousand Barrels)","PADD 3 Domestic Crude Oil Refinery Receipts by Truck, Annual (Thousand Barrels)"
US_EIA,None,USA,gov_eia_PET,CRUDEOIL,Monthly,KBBL,PET.8_NA_8RRF_R30_MBBL.A,PET.8_NA_8RRF_R30_MBBL.A,"PADD 3 Foreign Crude Oil Refinery Receipts by Truck, Annual (Thousand Barrels)","PADD 3 Foreign Crude Oil Refinery Receipts by Truck, Annual (Thousand Barrels)"
US_EIA,None,USA,gov_eia_PET,None,Monthly,KBBL,PET.8_NA_8FPS_R30_MBBL.A,PET.8_NA_8FPS_R30_MBBL.A,"PADD 3 Still Gas Consumed at Refineries, Annual ","PADD 3 Still Gas Consumed at Refineries, Annual "
US_EIA,None,USA,gov_eia_PET,None,Monthly,KBBL,PET.8_NA_8FPPM_R30_MBBL.A,PET.8_NA_8FPPM_R30_MBBL.A,"PADD 3 Marketable Petroleum Coke Consumed at Refineries, Annual","PADD 3 Marketable Petroleum Coke Consumed at Refineries, Annual"
US_EIA,None,USA,gov_eia_PET,None,Monthly,KBBL,PET.8_NA_8FPPC_R30_MBBL.A,PET.8_NA_8FPPC_R30_MBBL.A,"PADD 3 Catalyst Petroleum Coke Consumed at Refineries, Annual","PADD 3 Catalyst Petroleum Coke Consumed at Refineries, Annual"
US_EIA,None,USA,gov_eia_PET,None,Monthly,KBBL,PET.8_NA_8FN0_R30_2.A,PET.8_NA_8FN0_R30_2.A,"PADD 3 Natural Gas Consumed at Refineries, Annual (Million Cubic Feet)","PADD 3 Natural Gas Consumed at Refineries, Annual (Million Cubic Feet)"
US_EIA,None,USA,gov_eia_PET,None,Monthly,KBBL,PET.8_NA_8FE0_R30_K.A,PET.8_NA_8FE0_R30_K.A,"PADD 3 Purchased Electricity Consumed at Refineries, Annual (Million Kilowatthours)","PADD 3 Purchased Electricity Consumed at Refineries, Annual (Million Kilowatthours)"
US_EIA,None,USA,gov_eia_PET,None,Monthly,KBBL,PET.8_NA_8FS0_R30_B.A,PET.8_NA_8FS0_R30_B.A,"PADD 3 Purchased Steam Consumed at Refineries, Annual (Million Pounds)","PADD 3 Purchased Steam Consumed at Refineries, Annual (Million Pounds)"
US_EIA,None,USA,gov_eia_PET,None,Monthly,KBBL,PET.8_NA_8NGFSHY_R30_MMCF.A,PET.8_NA_8NGFSHY_R30_MMCF.A,"PADD 3 Natural Gas Used as Feedstock for Hydrogen Production, Annual ","PADD 3 Natural Gas Used as Feedstock for Hydrogen Production, Annual "
US_EIA,REFINOBS,USA,gov_eia_PET,CRUDEOIL,Monthly,KBD,PET.M_EPC0_YIY_R20_2.M,PET.M_EPC0_YIY_R20_2.M,"PADD 2 Refinery Net Input of Crude Oil, Monthly","PADD 2 Refinery Net Input of Crude Oil, Monthly"
US_EIA,REFINOBS,USA,gov_eia_PET,None,Monthly,KBD,PET.M_EPL0_YIY_R20_2.M,PET.M_EPL0_YIY_R20_2.M,"PADD 2 Refinery Net Input of Hydrocarbon Gas Liquids, Monthly","PADD 2 Refinery Net Input of Hydrocarbon Gas Liquids, Monthly"
US_EIA,REFINOBS,USA,gov_eia_PET,None,Monthly,KBD,PET.M_EPLP_YIY_R20_2.M,PET.M_EPLP_YIY_R20_2.M,"PADD 2 Refinery Net Input of Pentanes Plus, Monthly","PADD 2 Refinery Net Input of Pentanes Plus, Monthly"
US_EIA,REFINOBS,USA,gov_eia_PET,None,Monthly,KBD,PET.M_EPLL_YIY_R20_2.M,PET.M_EPLL_YIY_R20_2.M,"PADD 2 Refinery Net Input of Liquified Petroleum Gases, Monthly ","PADD 2 Refinery Net Input of Liquified Petroleum Gases, Monthly "
US_EIA,REFINOBS,USA,gov_eia_PET,None,Monthly,KBD,PET.M_EPOL_YIY_R20_2.M,PET.M_EPOL_YIY_R20_2.M,"PADD 2 Refinery Net Input of Other Liquids, Monthly","PADD 2 Refinery Net Input of Other Liquids, Monthly"
US_EIA,REFINOBS,USA,gov_eia_PET,None,Monthly,KBD,PET.M_EPOOOH_YIY_R20_MBBLD.M,PET.M_EPOOOH_YIY_R20_MBBLD.M,"PADD 2 Refinery Net Input of Hydrogen, Monthly ","PADD 2 Refinery Net Input of Hydrogen, Monthly "
US_EIA,REFINOBS,USA,gov_eia_PET,None,Monthly,KBD,PET.M_EPOO_YIY_R20_2.M,PET.M_EPOO_YIY_R20_2.M,"PADD 2 Refinery Net Input of Other Hydrocarbons/Oxygenates, Monthly","PADD 2 Refinery Net Input of Other Hydrocarbons/Oxygenates, Monthly"
US_EIA,REFINOBS,USA,gov_eia_PET,None,Monthly,KBD,PET.M_EPOOXE_YIY_R20_2.M,PET.M_EPOOXE_YIY_R20_2.M,"PADD 2 Refinery Net Input of Fuel Ethanol, Monthly ","PADD 2 Refinery Net Input of Fuel Ethanol, Monthly "
US_EIA,REFINOBS,USA,gov_eia_PET,None,Monthly,KBD,PET.M_EPOORD_YIY_R20_MBBLD.M,PET.M_EPOORD_YIY_R20_MBBLD.M,"PADD 2 Refinery Net Input of Renewable Diesel Fuel, Monthly ","PADD 2 Refinery Net Input of Renewable Diesel Fuel, Monthly "
US_EIA,REFINOBS,USA,gov_eia_PET,None,Monthly,KBD,PET.M_EPOOOXH_YIY_R20_MBBLD.M,PET.M_EPOOOXH_YIY_R20_MBBLD.M,"PADD 2 Refinery Net Input of Other Hydrocarbons, Monthly","PADD 2 Refinery Net Input of Other Hydrocarbons, Monthly"
US_EIA,REFINOBS,USA,gov_eia_PET,None,Monthly,KBD,PET.M_EPOUN_YIY_R20_2.M,PET.M_EPOUN_YIY_R20_2.M,"PADD 2 Refinery Net Input of Naphthas and Lighter, Monthly","PADD 2 Refinery Net Input of Naphthas and Lighter, Monthly"
US_EIA,REFINOBS,USA,gov_eia_PET,None,Monthly,KBD,PET.M_EPOUK_YIY_R20_2.M,PET.M_EPOUK_YIY_R20_2.M,"PADD 2 Refinery Net Input of Kerosene and Light Oils, Monthly ","PADD 2 Refinery Net Input of Kerosene and Light Oils, Monthly "
US_EIA,REFINOBS,USA,gov_eia_PET,None,Monthly,KBD,PET.M_EPOUH_YIY_R20_2.M,PET.M_EPOUH_YIY_R20_2.M,"PADD 2 Refinery Net Input of Heavy Gas Oils, Monthly","PADD 2 Refinery Net Input of Heavy Gas Oils, Monthly"
US_EIA,REFINOBS,USA,gov_eia_PET,None,Monthly,KBD,PET.M_EPOUR_YIY_R20_2.M,PET.M_EPOUR_YIY_R20_2.M,"PADD 2 Refinery Net Input of Residuum, Monthly","PADD 2 Refinery Net Input of Residuum, Monthly"
US_EIA,REFINOBS,USA,gov_eia_PET,None,Monthly,KBD,PET.M_EPOBG_YIY_R20_2.M,PET.M_EPOBG_YIY_R20_2.M,"PADD 2 Refinery Net Input of Gasoline Blending Components, Monthly","PADD 2 Refinery Net Input of Gasoline Blending Components, Monthly"
US_EIA,None,USA,gov_eia_PET,None,Monthly,KBD,PET.M_EPL0_YIB_R20_MBBLD.M,PET.M_EPL0_YIB_R20_MBBLD.M,"PADD 2 Blender Net Input of Hydrocarbon Gas Liquids, Monthly ","PADD 2 Blender Net Input of Hydrocarbon Gas Liquids, Monthly "
US_EIA,None,USA,gov_eia_PET,None,Monthly,KBD,PET.M_EPOOXE_YIB_R20_2.M,PET.M_EPOOXE_YIB_R20_2.M,"PADD 2 Blender Net Input of Fuel Ethanol, Monthly","PADD 2 Blender Net Input of Fuel Ethanol, Monthly"
US_EIA,None,USA,gov_eia_PET,None,Monthly,KBD,PET.M_EPOORD_YIB_R20_MBBLD.M,PET.M_EPOORD_YIB_R20_MBBLD.M,"PADD 2 Blender Net Input of Renewable Diesel Fuel, Monthly","PADD 2 Blender Net Input of Renewable Diesel Fuel, Monthly"
US_EIA,None,USA,gov_eia_PET,None,Monthly,KBD,PET.M_EPOBG_YIB_R20_2.M,PET.M_EPOBG_YIB_R20_2.M,"PADD 2 Blender Net Input of Gasoline Blending Components, Monthly","PADD 2 Blender Net Input of Gasoline Blending Components, Monthly"
US_EIA,REFGROUT,USA,gov_eia_PET,CRUDEOIL,Monthly,KBD,PET.MTTRX_R20_2.M,PET.MTTRX_R20_2.M,"PADD 2 Refinery Net Production of Crude Oil and Petroleum Products, Monthly","PADD 2 Refinery Net Production of Crude Oil and Petroleum Products, Monthly"
US_EIA,REFGROUT,USA,gov_eia_PET,None,Monthly,KBD,PET.MLPRX_R20_2.M,PET.MLPRX_R20_2.M,"PADD 2 Refinery Net Production of Liquified Petroleum Gases, Monthly","PADD 2 Refinery Net Production of Liquified Petroleum Gases, Monthly"
US_EIA,REFGROUT,USA,gov_eia_PET,None,Monthly,KBD,PET.MPLRX_R20_2.M,PET.MPLRX_R20_2.M,"PADD 2 Refinery Net Production of Propylene, Monthly","PADD 2 Refinery Net Production of Propylene, Monthly"
US_EIA,REFGROUT,USA,gov_eia_PET,None,Monthly,KBD,PET.MGFRX_R20_2.M,PET.MGFRX_R20_2.M,"PADD 2 Refinery Net Production of Finished Motor Gasoline, Monthly","PADD 2 Refinery Net Production of Finished Motor Gasoline, Monthly"
US_EIA,REFGROUT,USA,gov_eia_PET,None,Monthly,KBD,PET.MKJRX_R20_2.M,PET.MKJRX_R20_2.M,"PADD 2 Refinery Net Production of Kerosene-Type Jet Fuel, Monthly","PADD 2 Refinery Net Production of Kerosene-Type Jet Fuel, Monthly"
US_EIA,REFGROUT,USA,gov_eia_PET,None,Monthly,KBD,PET.MD0RX_R20_2.M,PET.MD0RX_R20_2.M,"PADD 2 Refinery Net Production of Distillate Fuel Oil, 0 to 15 ppm Sulfur, Monthly","PADD 2 Refinery Net Production of Distillate Fuel Oil, 0 to 15 ppm Sulfur, Monthly"
US_EIA,REFGROUT,USA,gov_eia_PET,None,Monthly,KBD,PET.MD1RX_R20_2.M,PET.MD1RX_R20_2.M,"PADD 2 Refinery Net Production of Distillate Fuel Oil, Greater than 15 to 500 ppm Sulfur, Monthly","PADD 2 Refinery Net Production of Distillate Fuel Oil, Greater than 15 to 500 ppm Sulfur, Monthly"
US_EIA,REFGROUT,USA,gov_eia_PET,None,Monthly,KBD,PET.MDGRX_R20_2.M,PET.MDGRX_R20_2.M,"PADD 2 Refinery Net Production of Distillate Fuel Oil, Greater Than 500 ppm Sulfur, Monthly","PADD 2 Refinery Net Production of Distillate Fuel Oil, Greater Than 500 ppm Sulfur, Monthly"
US_EIA,REFGROUT,USA,gov_eia_PET,None,Monthly,KBD,PET.MPNRX_R20_2.M,PET.MPNRX_R20_2.M,"PADD 2 Refinery Net Production of Naphtha for Petrochemical Feedstock Use, Monthly","PADD 2 Refinery Net Production of Naphtha for Petrochemical Feedstock Use, Monthly"
US_EIA,REFGROUT,USA,gov_eia_PET,None,Monthly,KBD,PET.MLURX_R20_2.M,PET.MLURX_R20_2.M,"PADD 2 Refinery Net Production of Lubricants, Monthly","PADD 2 Refinery Net Production of Lubricants, Monthly"
US_EIA,REFGROUT,USA,gov_eia_PET,None,Monthly,KBD,PET.MCMRX_R20_2.M,PET.MCMRX_R20_2.M,"PADD 2 Refinery Net Production of Petroleum Coke Marketable, Monthly","PADD 2 Refinery Net Production of Petroleum Coke Marketable, Monthly"
US_EIA,REFGROUT,USA,gov_eia_PET,None,Monthly,KBD,PET.MAPRX_R20_2.M,PET.MAPRX_R20_2.M,"PADD 2 Refinery Net Production of Asphalt and Road Oil, Monthly","PADD 2 Refinery Net Production of Asphalt and Road Oil, Monthly"
US_EIA,REFGROUT,USA,gov_eia_PET,None,Monthly,KBD,PET.MSGRX_R20_2.M,PET.MSGRX_R20_2.M,"PADD 2 Refinery Net Production of Still Gas, Monthly","PADD 2 Refinery Net Production of Still Gas, Monthly"
US_EIA,REFGROUT,USA,gov_eia_PET,None,Monthly,KBD,PET.MMSRX_R20_2.M,PET.MMSRX_R20_2.M,"PADD 2 Refinery Net Production of Miscellaneous Petroleum Products, Monthly","PADD 2 Refinery Net Production of Miscellaneous Petroleum Products, Monthly"
US_EIA,None,USA,gov_eia_PET,None,Monthly,KBD,PET.MPGRX_R20_2.M,PET.MPGRX_R20_2.M,"PADD 2 Refinery Processing Gain, Monthly","PADD 2 Refinery Processing Gain, Monthly"
US_EIA,None,USA,gov_eia_PET,None,Monthly,KBD,PET.MGFRZ_R20_2.M,PET.MGFRZ_R20_2.M,"PADD 2 Blender Net Production of Finished Motor Gasoline, Monthly ","PADD 2 Blender Net Production of Finished Motor Gasoline, Monthly "
US_EIA,None,USA,gov_eia_PET,None,Monthly,KBD,PET.M_EPOOXE_YOP_R20_2.M,PET.M_EPOOXE_YOP_R20_2.M,"PADD 2 Oxygenate Plant Production of Fuel Ethanol, Monthly","PADD 2 Oxygenate Plant Production of Fuel Ethanol, Monthly"
US_EIA,REFINOBS,USA,gov_eia_PET,None,Monthly,KBD,PET.M_NA_YDR_R20_MBBLD.M,PET.M_NA_YDR_R20_MBBLD.M,"PADD 2 Downstream Processing of Fresh Feed Input by Catalytic Reforming Units, Monthly","PADD 2 Downstream Processing of Fresh Feed Input by Catalytic Reforming Units, Monthly"
US_EIA,None,USA,gov_eia_PET,None,Monthly,KBD,PET.M_EPLLEA_FPF_R20_MBBLD.M,PET.M_EPLLEA_FPF_R20_MBBLD.M,"PADD 2 Field Production of Ethane, Monthly (Thousand Barrels per Day)","PADD 2 Field Production of Ethane, Monthly (Thousand Barrels per Day)"
US_EIA,None,USA,gov_eia_PET,None,Monthly,KBD,PET.M_EPLLBAI_FPF_R20_MBBLD.A,PET.M_EPLLBAI_FPF_R20_MBBLD.A,"PADD 2 Field Production of Isobutane, Annual (Thousand Barrels per Day)","PADD 2 Field Production of Isobutane, Annual (Thousand Barrels per Day)"
US_EIA,None,USA,gov_eia_PET,None,Monthly,KBD,PET.M_EPL2_FPF_R20_MBBLD.M,PET.M_EPL2_FPF_R20_MBBLD.M,"PADD 2 Field Production of Natural Gas Liquids, Monthly (Thousand Barrels per Day)","PADD 2 Field Production of Natural Gas Liquids, Monthly (Thousand Barrels per Day)"
US_EIA,None,USA,gov_eia_PET,None,Monthly,KBD,PET.M_EPLLNG_FPF_R20_MBBLD.M,PET.M_EPLLNG_FPF_R20_MBBLD.M,"PADD 2 Field Production of Natural Gasoline, Monthly (Thousand Barrels per Day)","PADD 2 Field Production of Natural Gasoline, Monthly (Thousand Barrels per Day)"
US_EIA,None,USA,gov_eia_PET,None,Monthly,KBD,PET.M_EPLLBAN_FPF_R20_MBBLD.M,PET.M_EPLLBAN_FPF_R20_MBBLD.M,"PADD 2 Field Production of Normal Butane, Monthly (Thousand Barrels per Day)","PADD 2 Field Production of Normal Butane, Monthly (Thousand Barrels per Day)"
US_EIA,None,USA,gov_eia_PET,None,Monthly,KBD,PET.M_EPLLPA_FPF_R20_MBBLD.M,PET.M_EPLLPA_FPF_R20_MBBLD.M,"PADD 2  Field Production of Propane, Monthly (Thousand Barrels per Day)","PADD 2  Field Production of Propane, Monthly (Thousand Barrels per Day)"
US_EIA,None,USA,gov_eia_PET,CRUDEOIL,Monthly,KBBL,PET.8_NA_8R0D_R20_MBBL.A,PET.8_NA_8R0D_R20_MBBL.A,"PADD 2 Domestic Crude Oil Refinery Receipts, Annual (Thousand Barrels)","PADD 2 Domestic Crude Oil Refinery Receipts, Annual (Thousand Barrels)"
US_EIA,None,USA,gov_eia_PET,CRUDEOIL,Monthly,KBBL,PET.8_NA_8R0F_R20_MBBL.A,PET.8_NA_8R0F_R20_MBBL.A,"PADD 2 Foreign Crude Oil Refinery Receipts, Annual (Thousand Barrels)","PADD 2 Foreign Crude Oil Refinery Receipts, Annual (Thousand Barrels)"
US_EIA,None,USA,gov_eia_PET,CRUDEOIL,Monthly,KBBL,PET.8_NA_8RPD_R20_MBBL.A,PET.8_NA_8RPD_R20_MBBL.A,"PADD 2 Domestic Crude Oil Refinery Receipts by Pipeline, Annual (Thousand Barrels)","PADD 2 Domestic Crude Oil Refinery Receipts by Pipeline, Annual (Thousand Barrels)"
US_EIA,None,USA,gov_eia_PET,CRUDEOIL,Monthly,KBBL,PET.8_NA_8RPF_R20_MBBL.A,PET.8_NA_8RPF_R20_MBBL.A,"PADD 2 Foreign Crude Oil Refinery Receipts by Pipeline, Annual (Thousand Barrels)","PADD 2 Foreign Crude Oil Refinery Receipts by Pipeline, Annual (Thousand Barrels)"
US_EIA,None,USA,gov_eia_PET,CRUDEOIL,Monthly,KBBL,PET.8_NA_8RCD_R20_MBBL.A,PET.8_NA_8RCD_R20_MBBL.A,"PADD 2 Domestic Crude Oil Refinery Receipts by Tank Cars (Rail), Annual (Thousand Barrels)","PADD 2 Domestic Crude Oil Refinery Receipts by Tank Cars (Rail), Annual (Thousand Barrels)"
US_EIA,None,USA,gov_eia_PET,CRUDEOIL,Monthly,KBBL,PET.8_NA_8RCF_R20_MBBL.A,PET.8_NA_8RCF_R20_MBBL.A,"PADD 2 Foreign Crude Oil Refinery Receipts by Tank Cars (Rail), Annual (Thousand Barrels)","PADD 2 Foreign Crude Oil Refinery Receipts by Tank Cars (Rail), Annual (Thousand Barrels)"
US_EIA,None,USA,gov_eia_PET,CRUDEOIL,Monthly,KBBL,PET.8_NA_8RRD_R20_MBBL.A,PET.8_NA_8RRD_R20_MBBL.A,"PADD 2 Domestic Crude Oil Refinery Receipts by Truck, Annual (Thousand Barrels)","PADD 2 Domestic Crude Oil Refinery Receipts by Truck, Annual (Thousand Barrels)"
US_EIA,None,USA,gov_eia_PET,CRUDEOIL,Monthly,KBBL,PET.8_NA_8RRF_R20_MBBL.A,PET.8_NA_8RRF_R20_MBBL.A,"PADD 2 Foreign Crude Oil Refinery Receipts by Truck, Annual (Thousand Barrels)","PADD 2 Foreign Crude Oil Refinery Receipts by Truck, Annual (Thousand Barrels)"
US_EIA,None,USA,gov_eia_PET,None,Monthly,KBBL,PET.8_NA_8FPS_R20_MBBL.A,PET.8_NA_8FPS_R20_MBBL.A,"PADD 2 Still Gas Consumed at Refineries, Annual ","PADD 2 Still Gas Consumed at Refineries, Annual "
US_EIA,None,USA,gov_eia_PET,None,Monthly,KBBL,PET.8_NA_8FPPM_R20_MBBL.A,PET.8_NA_8FPPM_R20_MBBL.A,"PADD 2 Marketable Petroleum Coke Consumed at Refineries, Annual","PADD 2 Marketable Petroleum Coke Consumed at Refineries, Annual"
US_EIA,None,USA,gov_eia_PET,None,Monthly,KBBL,PET.8_NA_8FPPC_R20_MBBL.A,PET.8_NA_8FPPC_R20_MBBL.A,"PADD 2 Catalyst Petroleum Coke Consumed at Refineries, Annual","PADD 2 Catalyst Petroleum Coke Consumed at Refineries, Annual"
US_EIA,None,USA,gov_eia_PET,None,Monthly,KBBL,PET.8_NA_8FN0_R20_2.A,PET.8_NA_8FN0_R20_2.A,"PADD 2 Natural Gas Consumed at Refineries, Annual (Million Cubic Feet)","PADD 2 Natural Gas Consumed at Refineries, Annual (Million Cubic Feet)"
US_EIA,None,USA,gov_eia_PET,None,Monthly,KBBL,PET.8_NA_8FE0_R20_K.A,PET.8_NA_8FE0_R20_K.A,"PADD 2 Purchased Electricity Consumed at Refineries, Annual (Million Kilowatthours)","PADD 2 Purchased Electricity Consumed at Refineries, Annual (Million Kilowatthours)"
US_EIA,None,USA,gov_eia_PET,None,Monthly,KBBL,PET.8_NA_8FS0_R20_B.A,PET.8_NA_8FS0_R20_B.A,"PADD 2 Purchased Steam Consumed at Refineries, Annual (Million Pounds)","PADD 2 Purchased Steam Consumed at Refineries, Annual (Million Pounds)"
US_EIA,None,USA,gov_eia_PET,None,Monthly,KBBL,PET.8_NA_8NGFSHY_R20_MMCF.A,PET.8_NA_8NGFSHY_R20_MMCF.A,"PADD 2 Natural Gas Used as Feedstock for Hydrogen Production, Annual ","PADD 2 Natural Gas Used as Feedstock for Hydrogen Production, Annual "
US_EIA,REFINOBS,USA,gov_eia_PET,CRUDEOIL,Monthly,KBD,PET.M_EPC0_YIY_R10_2.M,PET.M_EPC0_YIY_R10_2.M,"PADD 1 Refinery Net Input of Crude Oil, Monthly","PADD 1 Refinery Net Input of Crude Oil, Monthly"
US_EIA,REFINOBS,USA,gov_eia_PET,None,Monthly,KBD,PET.M_EPL0_YIY_R10_2.M,PET.M_EPL0_YIY_R10_2.M,"PADD 1 Refinery Net Input of Hydrocarbon Gas Liquids, Monthly","PADD 1 Refinery Net Input of Hydrocarbon Gas Liquids, Monthly"
US_EIA,REFINOBS,USA,gov_eia_PET,None,Monthly,KBD,PET.M_EPLP_YIY_R10_2.M,PET.M_EPLP_YIY_R10_2.M,"PADD 1 Refinery Net Input of Pentanes Plus, Monthly","PADD 1 Refinery Net Input of Pentanes Plus, Monthly"
US_EIA,REFINOBS,USA,gov_eia_PET,None,Monthly,KBD,PET.M_EPLL_YIY_R10_2.M,PET.M_EPLL_YIY_R10_2.M,"PADD 1 Refinery Net Input of Liquified Petroleum Gases, Monthly ","PADD 1 Refinery Net Input of Liquified Petroleum Gases, Monthly "
US_EIA,REFINOBS,USA,gov_eia_PET,None,Monthly,KBD,PET.M_EPOL_YIY_R10_2.M,PET.M_EPOL_YIY_R10_2.M,"PADD 1 Refinery Net Input of Other Liquids, Monthly","PADD 1 Refinery Net Input of Other Liquids, Monthly"
US_EIA,REFINOBS,USA,gov_eia_PET,None,Monthly,KBD,PET.M_EPOOOH_YIY_R10_MBBLD.M,PET.M_EPOOOH_YIY_R10_MBBLD.M,"PADD 1 Refinery Net Input of Hydrogen, Monthly ","PADD 1 Refinery Net Input of Hydrogen, Monthly "
US_EIA,REFINOBS,USA,gov_eia_PET,None,Monthly,KBD,PET.M_EPOO_YIY_R10_2.M,PET.M_EPOO_YIY_R10_2.M,"PADD 1 Refinery Net Input of Other Hydrocarbons/Oxygenates, Monthly","PADD 1 Refinery Net Input of Other Hydrocarbons/Oxygenates, Monthly"
US_EIA,REFINOBS,USA,gov_eia_PET,None,Monthly,KBD,PET.M_EPOOXE_YIY_R10_2.M,PET.M_EPOOXE_YIY_R10_2.M,"PADD 1 Refinery Net Input of Fuel Ethanol, Monthly ","PADD 1 Refinery Net Input of Fuel Ethanol, Monthly "
US_EIA,REFINOBS,USA,gov_eia_PET,None,Monthly,KBD,PET.M_EPOORD_YIY_R10_MBBLD.M,PET.M_EPOORD_YIY_R10_MBBLD.M,"PADD 1 Refinery Net Input of Renewable Diesel Fuel, Monthly ","PADD 1 Refinery Net Input of Renewable Diesel Fuel, Monthly "
US_EIA,REFINOBS,USA,gov_eia_PET,None,Monthly,KBD,PET.M_EPOUN_YIY_R10_2.M,PET.M_EPOUN_YIY_R10_2.M,"PADD 1 Refinery Net Input of Naphthas and Lighter, Monthly","PADD 1 Refinery Net Input of Naphthas and Lighter, Monthly"
US_EIA,REFINOBS,USA,gov_eia_PET,None,Monthly,KBD,PET.M_EPOUK_YIY_R10_2.M,PET.M_EPOUK_YIY_R10_2.M,"PADD 1 Refinery Net Input of Kerosene and Light Oils, Monthly ","PADD 1 Refinery Net Input of Kerosene and Light Oils, Monthly "
US_EIA,REFINOBS,USA,gov_eia_PET,None,Monthly,KBD,PET.M_EPOUH_YIY_R10_2.M,PET.M_EPOUH_YIY_R10_2.M,"PADD 1 Refinery Net Input of Heavy Gas Oils, Monthly","PADD 1 Refinery Net Input of Heavy Gas Oils, Monthly"
US_EIA,REFINOBS,USA,gov_eia_PET,None,Monthly,KBD,PET.M_EPOUR_YIY_R10_2.M,PET.M_EPOUR_YIY_R10_2.M,"PADD 1 Refinery Net Input of Residuum, Monthly","PADD 1 Refinery Net Input of Residuum, Monthly"
US_EIA,REFINOBS,USA,gov_eia_PET,None,Monthly,KBD,PET.M_EPOBG_YIY_R10_2.M,PET.M_EPOBG_YIY_R10_2.M,"PADD 1 Refinery Net Input of Gasoline Blending Components, Monthly","PADD 1 Refinery Net Input of Gasoline Blending Components, Monthly"
US_EIA,None,USA,gov_eia_PET,None,Monthly,KBD,PET.M_EPL0_YIB_R10_MBBLD.M,PET.M_EPL0_YIB_R10_MBBLD.M,"PADD 1 Blender Net Input of Hydrocarbon Gas Liquids, Monthly ","PADD 1 Blender Net Input of Hydrocarbon Gas Liquids, Monthly "
US_EIA,None,USA,gov_eia_PET,None,Monthly,KBD,PET.M_EPOOXE_YIB_R10_2.M,PET.M_EPOOXE_YIB_R10_2.M,"PADD 1 Blender Net Input of Fuel Ethanol, Monthly","PADD 1 Blender Net Input of Fuel Ethanol, Monthly"
US_EIA,None,USA,gov_eia_PET,None,Monthly,KBD,PET.M_EPOORD_YIB_R10_MBBLD.M,PET.M_EPOORD_YIB_R10_MBBLD.M,"PADD 1 Blender Net Input of Renewable Diesel Fuel, Monthly","PADD 1 Blender Net Input of Renewable Diesel Fuel, Monthly"
US_EIA,None,USA,gov_eia_PET,None,Monthly,KBD,PET.M_EPOBG_YIB_R10_2.M,PET.M_EPOBG_YIB_R10_2.M,"PADD 1 Blender Net Input of Gasoline Blending Components, Monthly","PADD 1 Blender Net Input of Gasoline Blending Components, Monthly"
US_EIA,REFGROUT,USA,gov_eia_PET,CRUDEOIL,Monthly,KBD,PET.MTTRX_R10_2.M,PET.MTTRX_R10_2.M,"PADD 1 Refinery Net Production of Crude Oil and Petroleum Products, Monthly","PADD 1 Refinery Net Production of Crude Oil and Petroleum Products, Monthly"
US_EIA,REFGROUT,USA,gov_eia_PET,None,Monthly,KBD,PET.MLPRX_R10_2.M,PET.MLPRX_R10_2.M,"PADD 1 Refinery Net Production of Liquified Petroleum Gases, Monthly","PADD 1 Refinery Net Production of Liquified Petroleum Gases, Monthly"
US_EIA,REFGROUT,USA,gov_eia_PET,None,Monthly,KBD,PET.MPLRX_R10_2.M,PET.MPLRX_R10_2.M,"PADD 1 Refinery Net Production of Propylene, Monthly","PADD 1 Refinery Net Production of Propylene, Monthly"
US_EIA,REFGROUT,USA,gov_eia_PET,None,Monthly,KBD,PET.MGFRX_R10_2.M,PET.MGFRX_R10_2.M,"PADD 1 Refinery Net Production of Finished Motor Gasoline, Monthly","PADD 1 Refinery Net Production of Finished Motor Gasoline, Monthly"
US_EIA,REFGROUT,USA,gov_eia_PET,None,Monthly,KBD,PET.MKJRX_R10_2.M,PET.MKJRX_R10_2.M,"PADD 1 Refinery Net Production of Kerosene-Type Jet Fuel, Monthly","PADD 1 Refinery Net Production of Kerosene-Type Jet Fuel, Monthly"
US_EIA,REFGROUT,USA,gov_eia_PET,None,Monthly,KBD,PET.MD1RX_R10_2.M,PET.MD1RX_R10_2.M,"PADD 1 Refinery Net Production of Distillate Fuel Oil, Greater than 15 to 500 ppm Sulfur, Monthly","PADD 1 Refinery Net Production of Distillate Fuel Oil, Greater than 15 to 500 ppm Sulfur, Monthly"
US_EIA,REFGROUT,USA,gov_eia_PET,None,Monthly,KBD,PET.MDGRX_R10_2.M,PET.MDGRX_R10_2.M,"PADD 1 Refinery Net Production of Distillate Fuel Oil, Greater Than 500 ppm Sulfur, Monthly","PADD 1 Refinery Net Production of Distillate Fuel Oil, Greater Than 500 ppm Sulfur, Monthly"
US_EIA,REFGROUT,USA,gov_eia_PET,None,Monthly,KBD,PET.MPNRX_R10_2.M,PET.MPNRX_R10_2.M,"PADD 1 Refinery Net Production of Naphtha for Petrochemical Feedstock Use, Monthly","PADD 1 Refinery Net Production of Naphtha for Petrochemical Feedstock Use, Monthly"
US_EIA,REFGROUT,USA,gov_eia_PET,None,Monthly,KBD,PET.M_EPPPO_YPY_R10_2.M,PET.M_EPPPO_YPY_R10_2.M,"PADD 1 Refinery Net Production of Other Oils for Petrochemical Feedstock Use, Monthly","PADD 1 Refinery Net Production of Other Oils for Petrochemical Feedstock Use, Monthly"
US_EIA,REFGROUT,USA,gov_eia_PET,None,Monthly,KBD,PET.MLURX_R10_2.M,PET.MLURX_R10_2.M,"PADD 1 Refinery Net Production of Lubricants, Monthly","PADD 1 Refinery Net Production of Lubricants, Monthly"
US_EIA,REFGROUT,USA,gov_eia_PET,None,Monthly,KBD,PET.MCMRX_R10_2.M,PET.MCMRX_R10_2.M,"PADD 1 Refinery Net Production of Petroleum Coke Marketable, Monthly","PADD 1 Refinery Net Production of Petroleum Coke Marketable, Monthly"
US_EIA,REFGROUT,USA,gov_eia_PET,None,Monthly,KBD,PET.MAPRX_R10_2.M,PET.MAPRX_R10_2.M,"PADD 1 Refinery Net Production of Asphalt and Road Oil, Monthly","PADD 1 Refinery Net Production of Asphalt and Road Oil, Monthly"
US_EIA,REFGROUT,USA,gov_eia_PET,None,Monthly,KBD,PET.MSGRX_R10_2.M,PET.MSGRX_R10_2.M,"PADD 1 Refinery Net Production of Still Gas, Monthly","PADD 1 Refinery Net Production of Still Gas, Monthly"
US_EIA,REFGROUT,USA,gov_eia_PET,None,Monthly,KBD,PET.MMSRX_R10_2.M,PET.MMSRX_R10_2.M,"PADD 1 Refinery Net Production of Miscellaneous Petroleum Products, Monthly","PADD 1 Refinery Net Production of Miscellaneous Petroleum Products, Monthly"
US_EIA,None,USA,gov_eia_PET,None,Monthly,KBD,PET.MPGRX_R10_2.M,PET.MPGRX_R10_2.M,"PADD 1 Refinery Processing Gain, Monthly","PADD 1 Refinery Processing Gain, Monthly"
US_EIA,None,USA,gov_eia_PET,None,Monthly,KBD,PET.MGFRZ_R10_2.M,PET.MGFRZ_R10_2.M,"PADD 1 Blender Net Production of Finished Motor Gasoline, Monthly ","PADD 1 Blender Net Production of Finished Motor Gasoline, Monthly "
US_EIA,None,USA,gov_eia_PET,None,Monthly,KBD,PET.M_EPOOXE_YOP_R10_2.M,PET.M_EPOOXE_YOP_R10_2.M,"PADD 1 Oxygenate Plant Production of Fuel Ethanol, Monthly","PADD 1 Oxygenate Plant Production of Fuel Ethanol, Monthly"
US_EIA,REFINOBS,USA,gov_eia_PET,None,Monthly,KBD,PET.M_NA_YDR_R10_MBBLD.M,PET.M_NA_YDR_R10_MBBLD.M,"PADD 1 Downstream Processing of Fresh Feed Input by Catalytic Reforming Units, Monthly","PADD 1 Downstream Processing of Fresh Feed Input by Catalytic Reforming Units, Monthly"
US_EIA,REFINOBS,USA,gov_eia_PET,None,Monthly,KBD,PET.M_NA_YDR_NUS_MBBLD.M,PET.M_NA_YDR_NUS_MBBLD.M,"U.S. Downstream Processing of Fresh Feed Input by Catalytic Reforming Units, Monthly","U.S. Downstream Processing of Fresh Feed Input by Catalytic Reforming Units, Monthly"
US_EIA,None,USA,gov_eia_PET,None,Monthly,KBD,PET.M_EPLLEA_FPF_R10_MBBLD.M,PET.M_EPLLEA_FPF_R10_MBBLD.M,"PADD 1 Field Production of Ethane, Monthly (Thousand Barrels per Day)","PADD 1 Field Production of Ethane, Monthly (Thousand Barrels per Day)"
US_EIA,None,USA,gov_eia_PET,None,Monthly,KBD,PET.M_EPLLBAI_FPF_R10_MBBLD.A,PET.M_EPLLBAI_FPF_R10_MBBLD.A,"PADD 1 Field Production of Isobutane, Annual (Thousand Barrels per Day)","PADD 1 Field Production of Isobutane, Annual (Thousand Barrels per Day)"
US_EIA,None,USA,gov_eia_PET,None,Monthly,KBD,PET.M_EPL2_FPF_R10_MBBLD.M,PET.M_EPL2_FPF_R10_MBBLD.M,"PADD 1 Field Production of Natural Gas Liquids, Monthly (Thousand Barrels per Day)","PADD 1 Field Production of Natural Gas Liquids, Monthly (Thousand Barrels per Day)"
US_EIA,None,USA,gov_eia_PET,None,Monthly,KBD,PET.M_EPLLNG_FPF_R10_MBBLD.M,PET.M_EPLLNG_FPF_R10_MBBLD.M,"PADD 1 Field Production of Natural Gasoline, Monthly (Thousand Barrels per Day)","PADD 1 Field Production of Natural Gasoline, Monthly (Thousand Barrels per Day)"
US_EIA,None,USA,gov_eia_PET,None,Monthly,KBD,PET.M_EPLLBAN_FPF_R10_MBBLD.M,PET.M_EPLLBAN_FPF_R10_MBBLD.M,"PADD 1 Field Production of Normal Butane, Monthly (Thousand Barrels per Day)","PADD 1 Field Production of Normal Butane, Monthly (Thousand Barrels per Day)"
US_EIA,None,USA,gov_eia_PET,None,Monthly,KBD,PET.M_EPLLPA_FPF_R10_MBBLD.M,PET.M_EPLLPA_FPF_R10_MBBLD.M,"PADD 1  Field Production of Propane, Monthly (Thousand Barrels per Day)","PADD 1  Field Production of Propane, Monthly (Thousand Barrels per Day)"
US_EIA,None,USA,gov_eia_PET,CRUDEOIL,Monthly,KBBL,PET.8_NA_8R0D_R10_MBBL.A,PET.8_NA_8R0D_R10_MBBL.A,"PADD 1 Domestic Crude Oil Refinery Receipts, Annual (Thousand Barrels)","PADD 1 Domestic Crude Oil Refinery Receipts, Annual (Thousand Barrels)"
US_EIA,None,USA,gov_eia_PET,CRUDEOIL,Monthly,KBBL,PET.8_NA_8R0F_R10_MBBL.A,PET.8_NA_8R0F_R10_MBBL.A,"PADD 1 Foreign Crude Oil Refinery Receipts, Annual (Thousand Barrels)","PADD 1 Foreign Crude Oil Refinery Receipts, Annual (Thousand Barrels)"
US_EIA,None,USA,gov_eia_PET,CRUDEOIL,Monthly,KBBL,PET.8_NA_8RPD_R10_MBBL.A,PET.8_NA_8RPD_R10_MBBL.A,"PADD 1 Domestic Crude Oil Refinery Receipts by Pipeline, Annual (Thousand Barrels)","PADD 1 Domestic Crude Oil Refinery Receipts by Pipeline, Annual (Thousand Barrels)"
US_EIA,None,USA,gov_eia_PET,CRUDEOIL,Monthly,KBBL,PET.8_NA_8RPF_R10_MBBL.A,PET.8_NA_8RPF_R10_MBBL.A,"PADD 1 Foreign Crude Oil Refinery Receipts by Pipeline, Annual (Thousand Barrels)","PADD 1 Foreign Crude Oil Refinery Receipts by Pipeline, Annual (Thousand Barrels)"
US_EIA,None,USA,gov_eia_PET,CRUDEOIL,Monthly,KBBL,PET.8_NA_8RCD_R10_MBBL.A,PET.8_NA_8RCD_R10_MBBL.A,"PADD 1 Domestic Crude Oil Refinery Receipts by Tank Cars (Rail), Annual (Thousand Barrels)","PADD 1 Domestic Crude Oil Refinery Receipts by Tank Cars (Rail), Annual (Thousand Barrels)"
US_EIA,None,USA,gov_eia_PET,CRUDEOIL,Monthly,KBBL,PET.8_NA_8RCF_R10_MBBL.A,PET.8_NA_8RCF_R10_MBBL.A,"PADD 1 Foreign Crude Oil Refinery Receipts by Tank Cars (Rail), Annual (Thousand Barrels)","PADD 1 Foreign Crude Oil Refinery Receipts by Tank Cars (Rail), Annual (Thousand Barrels)"
US_EIA,None,USA,gov_eia_PET,CRUDEOIL,Monthly,KBBL,PET.8_NA_8RRD_R10_MBBL.A,PET.8_NA_8RRD_R10_MBBL.A,"PADD 1 Domestic Crude Oil Refinery Receipts by Truck, Annual (Thousand Barrels)","PADD 1 Domestic Crude Oil Refinery Receipts by Truck, Annual (Thousand Barrels)"
US_EIA,None,USA,gov_eia_PET,CRUDEOIL,Monthly,KBBL,PET.8_NA_8RRF_R10_MBBL.A,PET.8_NA_8RRF_R10_MBBL.A,"PADD 1 Foreign Crude Oil Refinery Receipts by Truck, Annual (Thousand Barrels)","PADD 1 Foreign Crude Oil Refinery Receipts by Truck, Annual (Thousand Barrels)"
US_EIA,None,USA,gov_eia_PET,None,Monthly,KBBL,PET.8_NA_8FPS_R10_MBBL.A,PET.8_NA_8FPS_R10_MBBL.A,"PADD 1 Still Gas Consumed at Refineries, Annual ","PADD 1 Still Gas Consumed at Refineries, Annual "
US_EIA,None,USA,gov_eia_PET,None,Monthly,KBBL,PET.8_NA_8FPPM_R10_MBBL.A,PET.8_NA_8FPPM_R10_MBBL.A,"PADD 1 Marketable Petroleum Coke Consumed at Refineries, Annual","PADD 1 Marketable Petroleum Coke Consumed at Refineries, Annual"
US_EIA,None,USA,gov_eia_PET,None,Monthly,KBBL,PET.8_NA_8FPPC_R10_MBBL.A,PET.8_NA_8FPPC_R10_MBBL.A,"PADD 1 Catalyst Petroleum Coke Consumed at Refineries, Annual","PADD 1 Catalyst Petroleum Coke Consumed at Refineries, Annual"
US_EIA,None,USA,gov_eia_PET,None,Monthly,KBBL,PET.8_NA_8FN0_R10_2.A,PET.8_NA_8FN0_R10_2.A,"PADD 1 Natural Gas Consumed at Refineries, Annual (Million Cubic Feet)","PADD 1 Natural Gas Consumed at Refineries, Annual (Million Cubic Feet)"
US_EIA,None,USA,gov_eia_PET,None,Monthly,KBBL,PET.8_NA_8FE0_R10_K.A,PET.8_NA_8FE0_R10_K.A,"PADD 1 Purchased Electricity Consumed at Refineries, Annual (Million Kilowatthours)","PADD 1 Purchased Electricity Consumed at Refineries, Annual (Million Kilowatthours)"
US_EIA,None,USA,gov_eia_PET,None,Monthly,KBBL,PET.8_NA_8FS0_R10_B.A,PET.8_NA_8FS0_R10_B.A,"PADD 1 Purchased Steam Consumed at Refineries, Annual (Million Pounds)","PADD 1 Purchased Steam Consumed at Refineries, Annual (Million Pounds)"
US_EIA,None,USA,gov_eia_PET,None,Monthly,KBBL,PET.8_NA_8NGFSHY_R10_MMCF.A,PET.8_NA_8NGFSHY_R10_MMCF.A,"PADD 1 Natural Gas Used as Feedstock for Hydrogen Production, Annual ","PADD 1 Natural Gas Used as Feedstock for Hydrogen Production, Annual "
US_EIA,REFINOBS,USA,gov_eia_PET,CRUDEOIL,Weekly,KBD,PET.WCRRIP12.W,PET.WCRRIP12.W,"East Coast (PADD 1) Refiner Net Input of Crude Oil, Weekly","East Coast (PADD 1) Refiner Net Input of Crude Oil, Weekly"
US_EIA,REFINOBS,USA,gov_eia_PET,CRUDEOIL,Weekly,KBD,PET.WCRRIP22.W,PET.WCRRIP22.W,"Midwest (PADD 2) Refiner Net Input of Crude Oil, Weekly","Midwest (PADD 2) Refiner Net Input of Crude Oil, Weekly"
US_EIA,REFINOBS,USA,gov_eia_PET,CRUDEOIL,Weekly,KBD,PET.WCRRIP32.W,PET.WCRRIP32.W,"Gulf Coast (PADD 3) Refiner Net Input of Crude Oil, Weekly","Gulf Coast (PADD 3) Refiner Net Input of Crude Oil, Weekly"
US_EIA,REFINOBS,USA,gov_eia_PET,CRUDEOIL,Weekly,KBD,PET.WCRRIP42.W,PET.WCRRIP42.W,"Rocky Mountain (PADD 4) Refiner Net Input of Crude Oil, Weekly","Rocky Mountain (PADD 4) Refiner Net Input of Crude Oil, Weekly"
US_EIA,REFINOBS,USA,gov_eia_PET,CRUDEOIL,Weekly,KBD,PET.WCRRIP52.W,PET.WCRRIP52.W,"West Coast (PADD 5) Refiner Net Input of Crude Oil, Weekly","West Coast (PADD 5) Refiner Net Input of Crude Oil, Weekly"
US_EIA,REFINOBS,USA,gov_eia_PET,BIOETHANOL,Weekly,KBD,PET.W_EPOOXE_YIR_R10_MBBLD.W,PET.W_EPOOXE_YIR_R10_MBBLD.W,"East Coast (PADD 1) Refiner and Blender Net Input of Fuel Ethanol, Weekly","East Coast (PADD 1) Refiner and Blender Net Input of Fuel Ethanol, Weekly"
US_EIA,REFINOBS,USA,gov_eia_PET,BIOETHANOL,Weekly,KBD,PET.W_EPOOXE_YIR_R20_MBBLD.W,PET.W_EPOOXE_YIR_R20_MBBLD.W,"Midwest (PADD 2) Refiner and Blender Net Input of Fuel Ethanol, Weekly","Midwest (PADD 2) Refiner and Blender Net Input of Fuel Ethanol, Weekly"
US_EIA,REFINOBS,USA,gov_eia_PET,BIOETHANOL,Weekly,KBD,PET.W_EPOOXE_YIR_R30_MBBLD.W,PET.W_EPOOXE_YIR_R30_MBBLD.W,"Gulf Coast (PADD 3) Refiner and Blender Net Input of Fuel Ethanol, Weekly","Gulf Coast (PADD 3) Refiner and Blender Net Input of Fuel Ethanol, Weekly"
US_EIA,REFINOBS,USA,gov_eia_PET,BIOETHANOL,Weekly,KBD,PET.W_EPOOXE_YIR_R40_MBBLD.W,PET.W_EPOOXE_YIR_R40_MBBLD.W,"Rocky Mountain (PADD 4) Refiner and Blender Net Input of Fuel Ethanol, Weekly","Rocky Mountain (PADD 4) Refiner and Blender Net Input of Fuel Ethanol, Weekly"
US_EIA,REFINOBS,USA,gov_eia_PET,BIOETHANOL,Weekly,KBD,PET.W_EPOOXE_YIR_R50_MBBLD.W,PET.W_EPOOXE_YIR_R50_MBBLD.W,"West Coast (PADD 5) Refiner and Blender Net Input of Fuel Ethanol, Weekly","West Coast (PADD 5) Refiner and Blender Net Input of Fuel Ethanol, Weekly"
US_EIA,PRICE,USA,gov_eia_PET,CRUDEOIL,Daily,USD,PET.RWTC.D,PET.RWTC.D,"Cushing, OK WTI Spot Price FOB, Daily in Dollars per Barrel.","Cushing, OK WTI Spot Price FOB, Daily"
US_EIA,PRICE,USA,gov_eia_PET,CRUDEOIL,Weekly,USD,PET.RWTC.W,PET.RWTC.W,"Cushing, OK WTI Spot Price FOB, Weekly in Dollars per Barrel.","Cushing, OK WTI Spot Price FOB, Weekly"
US_EIA,PRICE,USA,gov_eia_PET,CRUDEOIL,Monthly,USD,PET.RWTC.M,PET.RWTC.M,"Cushing, OK WTI Spot Price FOB, Monthly in Dollars per Barrel.","Cushing, OK WTI Spot Price FOB, Monthly"
US_EIA,PRICE,USA,gov_eia_PET,CRUDEOIL,Annual,USD,PET.RWTC.A,PET.RWTC.A,"Cushing, OK WTI Spot Price FOB, Annual in Dollars per Barrel.","Cushing, OK WTI Spot Price FOB, Annual"
US_EIA,PRICE,USA,gov_eia_PET,CRUDEOIL,Daily,USD,PET.RBRTE.D,PET.RBRTE.D,"Europe Brent Spot Price FOB, Daily in Dollars per Barrel.","Europe Brent Spot Price FOB, Daily"
US_EIA,PRICE,USA,gov_eia_PET,CRUDEOIL,Weekly,USD,PET.RBRTE.W,PET.RBRTE.W,"Europe Brent Spot Price FOB, Weekly in Dollars per Barrel.","Europe Brent Spot Price FOB, Weekly"
US_EIA,PRICE,USA,gov_eia_PET,CRUDEOIL,Monthly,USD,PET.RBRTE.M,PET.RBRTE.M,"Europe Brent Spot Price FOB, Monthly in Dollars per Barrel.","Europe Brent Spot Price FOB, Monthly"
US_EIA,PRICE,USA,gov_eia_PET,CRUDEOIL,Annual,USD,PET.RBRTE.A,PET.RBRTE.A,"Europe Brent Spot Price FOB, Annual in Dollars per Barrel.","Europe Brent Spot Price FOB, Annual"
US_EIA,SULFUR,USA,gov_eia_PET,CRUDEOIL,Monthly,USD,PET.MCRS1P12.M,PET.MCRS1P12.M,"PADD 1 Sulfur Content (Weighted Average) of Crude Oil Input to Refineries, Monthly","PADD 1 Sulfur Content (Weighted Average) of Crude Oil Input to Refineries, Monthly"
US_EIA,SULFUR,USA,gov_eia_PET,CRUDEOIL,Monthly,USD,PET.MCRS1P22.M,PET.MCRS1P22.M,"PADD 2 Sulfur Content (Weighted Average) of Crude Oil Input to Refineries, Monthly","PADD 2 Sulfur Content (Weighted Average) of Crude Oil Input to Refineries, Monthly"
US_EIA,SULFUR,USA,gov_eia_PET,CRUDEOIL,Monthly,USD,PET.MCRS1P32.M,PET.MCRS1P32.M,"PADD 3 Sulfur Content (Weighted Average) of Crude Oil Input to Refineries, Monthly","PADD 3 Sulfur Content (Weighted Average) of Crude Oil Input to Refineries, Monthly"
US_EIA,SULFUR,USA,gov_eia_PET,CRUDEOIL,Monthly,USD,PET.MCRS1P42.M,PET.MCRS1P42.M,"PADD 4 Sulfur Content (Weighted Average) of Crude Oil Input to Refineries, Monthly","PADD 4 Sulfur Content (Weighted Average) of Crude Oil Input to Refineries, Monthly"
US_EIA,SULFUR,USA,gov_eia_PET,CRUDEOIL,Monthly,USD,PET.MCRS1P52.M,PET.MCRS1P52.M,"PADD 5 Sulfur Content (Weighted Average) of Crude Oil Input to Refineries, Monthly","PADD 5 Sulfur Content (Weighted Average) of Crude Oil Input to Refineries, Monthly"
US_EIA,SULFUR,USA,gov_eia_PET,CRUDEOIL,Monthly,USD,PET.MCRS1US2.M,PET.MCRS1US2.M,"U.S. Sulfur Content (Weighted Average) of Crude Oil Input to Refineries, Monthly","U.S. Sulfur Content (Weighted Average) of Crude Oil Input to Refineries, Monthly"
US_EIA,API,USA,gov_eia_PET,CRUDEOIL,Monthly,USD,PET.MCRAPP12.M,PET.MCRAPP12.M,"PADD 1 API Gravity (Weighted Average) of Crude Oil Input to Refineries, Monthly","PADD 1 API Gravity (Weighted Average) of Crude Oil Input to Refineries, Monthly"
US_EIA,API,USA,gov_eia_PET,CRUDEOIL,Monthly,USD,PET.MCRAPP22.M,PET.MCRAPP22.M,"PADD 2 API Gravity (Weighted Average) of Crude Oil Input to Refineries, Monthly","PADD 2 API Gravity (Weighted Average) of Crude Oil Input to Refineries, Monthly"
US_EIA,API,USA,gov_eia_PET,CRUDEOIL,Monthly,USD,PET.MCRAPP32.M,PET.MCRAPP32.M,"PADD 3 API Gravity (Weighted Average) of Crude Oil Input to Refineries, Monthly","PADD 3 API Gravity (Weighted Average) of Crude Oil Input to Refineries, Monthly"
US_EIA,API,USA,gov_eia_PET,CRUDEOIL,Monthly,USD,PET.MCRAPP42.M,PET.MCRAPP42.M,"PADD 4 API Gravity (Weighted Average) of Crude Oil Input to Refineries, Monthly","PADD 4 API Gravity (Weighted Average) of Crude Oil Input to Refineries, Monthly"
US_EIA,API,USA,gov_eia_PET,CRUDEOIL,Monthly,USD,PET.MCRAPP52.M,PET.MCRAPP52.M,"PADD 5 API Gravity (Weighted Average) of Crude Oil Input to Refineries, Monthly","PADD 5 API Gravity (Weighted Average) of Crude Oil Input to Refineries, Monthly"
US_EIA,API,USA,gov_eia_PET,CRUDEOIL,Monthly,USD,PET.MCRAPUS2.M,PET.MCRAPUS2.M,"U.S. API Gravity (Weighted Average) of Crude Oil Input to Refineries, Monthly","U.S. API Gravity (Weighted Average) of Crude Oil Input to Refineries, Monthly"